"group","contrast","n_DE","method"
"Lineage: CD4","EV_vs_Scr",98,"Pseudobulk"
"Lineage: CD4","miR29a_vs_EV",1131,"Pseudobulk"
"Lineage: CD4","miR29a_vs_Scr",636,"Pseudobulk"
"Lineage: CD8","EV_vs_Scr",50,"Pseudobulk"
"Lineage: CD8","miR29a_vs_EV",613,"Pseudobulk"
"Lineage: CD8","miR29a_vs_Scr",431,"Pseudobulk"
"Lineage: Innate-like","EV_vs_Scr",1,"Pseudobulk"
"Lineage: Innate-like","miR29a_vs_EV",18,"Pseudobulk"
"Lineage: Innate-like","miR29a_vs_Scr",13,"Pseudobulk"
"Lineage: Non-T","EV_vs_Scr",2,"Pseudobulk"
"Lineage: Non-T","miR29a_vs_EV",2,"Pseudobulk"
"Lineage: Non-T","miR29a_vs_Scr",5,"Pseudobulk"
"00 Activated intermediate CD4","EV_vs_Scr",22,"Pseudobulk"
"00 Activated intermediate CD4","miR29a_vs_EV",524,"Pseudobulk"
"00 Activated intermediate CD4","miR29a_vs_Scr",339,"Pseudobulk"
"01 Differentiated activated effector CD4","EV_vs_Scr",26,"Pseudobulk"
"01 Differentiated activated effector CD4","miR29a_vs_EV",436,"Pseudobulk"
"01 Differentiated activated effector CD4","miR29a_vs_Scr",321,"Pseudobulk"
"02 Proliferative CD8 effector","EV_vs_Scr",40,"Pseudobulk"
"02 Proliferative CD8 effector","miR29a_vs_EV",471,"Pseudobulk"
"02 Proliferative CD8 effector","miR29a_vs_Scr",290,"Pseudobulk"
"03 IFNg-associated early activated CD4","EV_vs_Scr",15,"Pseudobulk"
"03 IFNg-associated early activated CD4","miR29a_vs_EV",322,"Pseudobulk"
"03 IFNg-associated early activated CD4","miR29a_vs_Scr",193,"Pseudobulk"
"04 Non-cycling exhaustion-like CD8","EV_vs_Scr",5,"Pseudobulk"
"04 Non-cycling exhaustion-like CD8","miR29a_vs_EV",136,"Pseudobulk"
"04 Non-cycling exhaustion-like CD8","miR29a_vs_Scr",180,"Pseudobulk"
"05 CD4 TCF1hi naive stem-like progenitor","EV_vs_Scr",0,"Pseudobulk"
"05 CD4 TCF1hi naive stem-like progenitor","miR29a_vs_EV",117,"Pseudobulk"
"05 CD4 TCF1hi naive stem-like progenitor","miR29a_vs_Scr",36,"Pseudobulk"
"06 Transitional progenitor-like CD4","EV_vs_Scr",9,"Pseudobulk"
"06 Transitional progenitor-like CD4","miR29a_vs_EV",98,"Pseudobulk"
"06 Transitional progenitor-like CD4","miR29a_vs_Scr",92,"Pseudobulk"
"07 Early activated CD4","EV_vs_Scr",5,"Pseudobulk"
"07 Early activated CD4","miR29a_vs_EV",171,"Pseudobulk"
"07 Early activated CD4","miR29a_vs_Scr",90,"Pseudobulk"
"08 Cycling non-T review ","EV_vs_Scr",2,"Pseudobulk"
"08 Cycling non-T review ","miR29a_vs_EV",2,"Pseudobulk"
"08 Cycling non-T review ","miR29a_vs_Scr",5,"Pseudobulk"
"09 Treg","EV_vs_Scr",1,"Pseudobulk"
"09 Treg","miR29a_vs_EV",1,"Pseudobulk"
"09 Treg","miR29a_vs_Scr",12,"Pseudobulk"
"10 Transitional activated CD4","EV_vs_Scr",0,"Pseudobulk"
"10 Transitional activated CD4","miR29a_vs_EV",20,"Pseudobulk"
"10 Transitional activated CD4","miR29a_vs_Scr",8,"Pseudobulk"
"11 CX3CR1 KLRG1 differentiated effector CD4","EV_vs_Scr",0,"Pseudobulk"
"11 CX3CR1 KLRG1 differentiated effector CD4","miR29a_vs_EV",0,"Pseudobulk"
"11 CX3CR1 KLRG1 differentiated effector CD4","miR29a_vs_Scr",0,"Pseudobulk"
"12 Intermediate activated CD4","EV_vs_Scr",0,"Pseudobulk"
"12 Intermediate activated CD4","miR29a_vs_EV",142,"Pseudobulk"
"12 Intermediate activated CD4","miR29a_vs_Scr",15,"Pseudobulk"
"13 NK-like innate-like review ","EV_vs_Scr",1,"Pseudobulk"
"13 NK-like innate-like review ","miR29a_vs_EV",18,"Pseudobulk"
"13 NK-like innate-like review ","miR29a_vs_Scr",13,"Pseudobulk"
"Lineage: CD4","EV_vs_Scr",1074,"MAST"
"Lineage: CD4","miR29a_vs_EV",5206,"MAST"
"Lineage: CD4","miR29a_vs_Scr",4729,"MAST"
"Lineage: CD8","EV_vs_Scr",722,"MAST"
"Lineage: CD8","miR29a_vs_EV",3972,"MAST"
"Lineage: CD8","miR29a_vs_Scr",3663,"MAST"
"Lineage: Innate-like","EV_vs_Scr",0,"MAST"
"Lineage: Innate-like","miR29a_vs_EV",23,"MAST"
"Lineage: Innate-like","miR29a_vs_Scr",27,"MAST"
"Lineage: Non-T","EV_vs_Scr",9,"MAST"
"Lineage: Non-T","miR29a_vs_EV",38,"MAST"
"Lineage: Non-T","miR29a_vs_Scr",14,"MAST"
"00 Activated intermediate CD4","EV_vs_Scr",254,"MAST"
"00 Activated intermediate CD4","miR29a_vs_EV",3094,"MAST"
"00 Activated intermediate CD4","miR29a_vs_Scr",3109,"MAST"
"01 Differentiated activated effector CD4","EV_vs_Scr",625,"MAST"
"01 Differentiated activated effector CD4","miR29a_vs_EV",2968,"MAST"
"01 Differentiated activated effector CD4","miR29a_vs_Scr",3000,"MAST"
"02 Proliferative CD8 effector","EV_vs_Scr",464,"MAST"
"02 Proliferative CD8 effector","miR29a_vs_EV",3058,"MAST"
"02 Proliferative CD8 effector","miR29a_vs_Scr",3034,"MAST"
"03 IFNg-associated early activated CD4","EV_vs_Scr",383,"MAST"
"03 IFNg-associated early activated CD4","miR29a_vs_EV",2419,"MAST"
"03 IFNg-associated early activated CD4","miR29a_vs_Scr",1872,"MAST"
"04 Non-cycling exhaustion-like CD8","EV_vs_Scr",200,"MAST"
"04 Non-cycling exhaustion-like CD8","miR29a_vs_EV",1287,"MAST"
"04 Non-cycling exhaustion-like CD8","miR29a_vs_Scr",1502,"MAST"
"05 CD4 TCF1hi naive stem-like progenitor","EV_vs_Scr",24,"MAST"
"05 CD4 TCF1hi naive stem-like progenitor","miR29a_vs_EV",1011,"MAST"
"05 CD4 TCF1hi naive stem-like progenitor","miR29a_vs_Scr",1022,"MAST"
"06 Transitional progenitor-like CD4","EV_vs_Scr",221,"MAST"
"06 Transitional progenitor-like CD4","miR29a_vs_EV",1854,"MAST"
"06 Transitional progenitor-like CD4","miR29a_vs_Scr",1459,"MAST"
"07 Early activated CD4","EV_vs_Scr",141,"MAST"
"07 Early activated CD4","miR29a_vs_EV",1071,"MAST"
"07 Early activated CD4","miR29a_vs_Scr",1128,"MAST"
"08 Cycling non-T review ","EV_vs_Scr",9,"MAST"
"08 Cycling non-T review ","miR29a_vs_EV",38,"MAST"
"08 Cycling non-T review ","miR29a_vs_Scr",14,"MAST"
"09 Treg","EV_vs_Scr",5,"MAST"
"09 Treg","miR29a_vs_EV",61,"MAST"
"09 Treg","miR29a_vs_Scr",44,"MAST"
"10 Transitional activated CD4","EV_vs_Scr",13,"MAST"
"10 Transitional activated CD4","miR29a_vs_EV",116,"MAST"
"10 Transitional activated CD4","miR29a_vs_Scr",104,"MAST"
"11 CX3CR1 KLRG1 differentiated effector CD4","EV_vs_Scr",0,"MAST"
"11 CX3CR1 KLRG1 differentiated effector CD4","miR29a_vs_EV",12,"MAST"
"11 CX3CR1 KLRG1 differentiated effector CD4","miR29a_vs_Scr",2,"MAST"
"12 Intermediate activated CD4","EV_vs_Scr",0,"MAST"
"12 Intermediate activated CD4","miR29a_vs_EV",171,"MAST"
"12 Intermediate activated CD4","miR29a_vs_Scr",97,"MAST"
"13 NK-like innate-like review ","EV_vs_Scr",0,"MAST"
"13 NK-like innate-like review ","miR29a_vs_EV",23,"MAST"
"13 NK-like innate-like review ","miR29a_vs_Scr",27,"MAST"
