"method","level","group","contrast","n_tested_universe","n_in_target_top","n_in_target_full","n_sig_down","n_sig_up","spearman_rho","spearman_p","spearman_n","hyper_top_overlap","hyper_top_expected","hyper_top_odds","hyper_top_p","hyper_full_overlap","hyper_full_p","hyper_top_overlap_UP","hyper_top_p_UP","hyper_top_p_BH","hyper_full_p_BH","spearman_p_BH"
"DGE_pseudobulk","by_lineage","CD4","EV_vs_Scr",16759,137,815,19,79,-0.0624852526321508,0.0746113249777787,815,0,0.155319529804881,0,1,0,1,2,0.136414136630149,1,1,0.0895335899733344
"DGE_pseudobulk","by_lineage","CD4","miR29a_vs_EV",16824,138,814,715,416,0.191614036513197,3.59631464679965e-08,814,24,5.86483594864479,4.19958472283395,3.69771203269649e-09,68,6.90884073960014e-08,2,0.859022475331918,1.4790848130786e-08,2.76353629584006e-07,2.15778878807979e-07
"DGE_pseudobulk","by_lineage","CD4","miR29a_vs_Scr",16805,136,812,415,221,0.176723623719656,4.01951269476705e-07,812,18,3.3585242487355,5.55715661579493,6.83238346912786e-09,45,3.39632049283423e-07,1,0.835968849723114,2.04971504073836e-08,1.01889614785027e-06,1.20585380843011e-06
"DGE_pseudobulk","by_lineage","CD8","EV_vs_Scr",14401,123,740,12,38,-0.0840309276003104,0.0222502538470027,740,0,0.10249288243872,0,1,0,1,0,1,1,1,0.029667005129337
"DGE_pseudobulk","by_lineage","CD8","miR29a_vs_EV",14119,120,727,426,187,0.224841420519087,8.75383247623286e-10,727,21,3.62065302075218,6.04895061728395,6.48482502346946e-11,52,5.61214002084172e-09,2,0.473698588838451,4.73317813849618e-10,3.36728401250503e-08,1.05045989714794e-08
"DGE_pseudobulk","by_lineage","CD8","miR29a_vs_Scr",14312,121,737,303,128,0.195190797020919,9.22035250953662e-08,737,18,2.5616964784796,7.40722053066551,7.88863023082696e-11,42,4.27948610321153e-09,0,1,4.73317813849618e-10,3.36728401250503e-08,3.68814100381465e-07
"DGE_pseudobulk","by_lineage","Innate-like","EV_vs_Scr",8616,83,529,1,0,-0.0455478295651845,0.295715862305257,529,0,0.00963324048282266,0,1,0,1,0,NA,1,1,0.295715862305257
"DGE_pseudobulk","by_lineage","Innate-like","miR29a_vs_EV",8610,79,528,17,1,0.196080043573409,5.65127438685185e-06,528,0,0.155981416957027,0,1,0,1,0,1,1,1,1.13025487737037e-05
"DGE_pseudobulk","by_lineage","Innate-like","miR29a_vs_Scr",8709,82,539,12,1,0.196785753174737,4.16188883887383e-06,539,0,0.112986565621771,0,1,0,1,0,1,1,1,9.9885332132972e-06
"DGE_pseudobulk","by_lineage","Non-T","EV_vs_Scr",7898,71,469,2,0,-0.0668172846873362,0.148520836752806,469,0,0.0179792352494302,0,1,0,1,0,NA,1,1,0.162022731003062
"DGE_pseudobulk","by_lineage","Non-T","miR29a_vs_EV",5236,32,288,2,0,0.245655679886114,2.49159839334956e-05,288,0,0.0122230710466005,0,1,0,1,0,NA,1,1,4.27131153145638e-05
"DGE_pseudobulk","by_lineage","Non-T","miR29a_vs_Scr",5236,32,288,5,0,0.24370286492333,2.90234700944626e-05,288,0,0.0305576776165011,0,1,0,1,0,NA,1,1,4.35352051416939e-05
"DGE_pseudobulk","by_cluster","00_Activated_intermediate_CD4","EV_vs_Scr",14023,125,733,5,17,-0.0664843369190005,0.0720323147290754,733,0,0.0445696355986593,0,1,0,1,0,1,1,1,0.112050267356339
"DGE_pseudobulk","by_cluster","00_Activated_intermediate_CD4","miR29a_vs_EV",14139,123,736,357,167,0.212799790718866,5.53591294053047e-09,736,19,3.10566518141311,6.40554192524174,2.41893114537226e-10,42,6.25839051828587e-07,0,1,2.17703803083503e-09,7.51006862194304e-06,1.1625417175114e-07
"DGE_pseudobulk","by_cluster","00_Activated_intermediate_CD4","miR29a_vs_Scr",14340,124,743,244,95,0.20376845315542,2.0961577203777e-08,743,12,2.10990237099024,5.92992213570634,1.32938663235681e-06,27,0.00016496023640482,1,0.562981028405459,4.78579187648452e-06,0.00065984094561928,1.76077248511727e-07
"DGE_pseudobulk","by_cluster","01_Differentiated_activated_effector_CD4","EV_vs_Scr",14126,127,738,4,22,-0.0332927868941037,0.366444009707927,738,0,0.0359620557836613,0,1,0,1,1,0.180314296271613,1,1,0.456901361162189
"DGE_pseudobulk","by_cluster","01_Differentiated_activated_effector_CD4","miR29a_vs_EV",14165,124,732,313,123,0.203702975264748,2.69360401536667e-08,732,18,2.73999294034592,6.90918534718425,2.39664795550151e-10,37,2.19963334134883e-06,0,1,2.17703803083503e-09,1.97967000721395e-05,1.88552281075667e-07
"DGE_pseudobulk","by_cluster","01_Differentiated_activated_effector_CD4","miR29a_vs_Scr",14237,125,735,205,116,0.166382998887423,5.76696343468607e-06,735,10,1.7998876167732,5.78953846153846,1.29511357672895e-05,22,0.000926701692658264,1,0.641971576421582,3.10827258414949e-05,0.00278010507797479,1.42477920151068e-05
"DGE_pseudobulk","by_cluster","02_Proliferative_CD8_effector","EV_vs_Scr",13856,119,723,13,27,-0.0843021323382827,0.0233972146055475,723,0,0.111648383371824,0,1,0,1,0,1,1,1,0.0377955005166536
"DGE_pseudobulk","by_cluster","02_Proliferative_CD8_effector","miR29a_vs_EV",13605,116,711,330,141,0.245893064739816,2.98265108660363e-11,711,19,2.81367144432194,7.10419669586429,4.20013852199813e-11,42,7.78266126084889e-08,0,1,7.56024933959663e-10,2.8017580539056e-06,1.25271345637353e-09
"DGE_pseudobulk","by_cluster","02_Proliferative_CD8_effector","miR29a_vs_Scr",13856,118,725,216,74,0.206323420498554,2.06732014433227e-08,725,17,1.83949191685912,9.94574567754024,3.51740181168248e-12,29,2.85810006169135e-06,0,1,1.26626465220569e-10,2.05783204441777e-05,1.76077248511727e-07
"DGE_pseudobulk","by_cluster","03_IFNg-associated_early_activated_CD4","EV_vs_Scr",12958,116,689,2,13,-0.016459683739443,0.666256186414748,689,0,0.0179039975304831,0,1,0,1,0,1,1,1,0.756290806200525
"DGE_pseudobulk","by_cluster","03_IFNg-associated_early_activated_CD4","miR29a_vs_EV",13052,117,694,228,94,0.17263206770245,4.78536845636015e-06,694,15,2.04382470119522,7.78560250391236,1.77144365974031e-09,32,4.52065648093118e-07,0,1,1.27543943501303e-08,7.51006862194304e-06,1.34890111496292e-05
"DGE_pseudobulk","by_cluster","03_IFNg-associated_early_activated_CD4","miR29a_vs_Scr",12867,116,687,131,62,0.173446810543332,4.81750398201041e-06,687,11,1.18100567342815,10.0762212643678,2.53283126178915e-08,19,6.51794046561892e-05,0,1,1.51969875707349e-07,0.00030845602893658,1.34890111496292e-05
"DGE_pseudobulk","by_cluster","04_Non-cycling_exhaustion-like_CD8","EV_vs_Scr",12071,106,665,1,4,-0.0368855386831208,0.342253020646135,665,0,0.00878137685361611,0,1,0,1,0,1,1,1,0.449207089598052
"DGE_pseudobulk","by_cluster","04_Non-cycling_exhaustion-like_CD8","miR29a_vs_EV",11597,101,651,98,38,0.211463605498492,5.12915434260549e-08,651,9,0.85349659394671,11.5100678607187,1.66533503705125e-07,18,7.27196095384596e-06,0,1,6.66134014820498e-07,4.36317657230758e-05,3.07749260556329e-07
"DGE_pseudobulk","by_cluster","04_Non-cycling_exhaustion-like_CD8","miR29a_vs_Scr",11704,103,651,116,64,0.18331143928339,2.50036893385882e-06,651,8,1.02084757347915,8.34304207119741,7.93377635795667e-06,18,6.85457842081289e-05,0,1,2.19704576066492e-05,0.00030845602893658,9.18021701981332e-06
"DGE_pseudobulk","by_cluster","05_CD4_TCF1hi_naive_stem-like_progenitor","EV_vs_Scr",11363,104,652,0,0,-0.0230862453675153,0.556238223459866,652,0,NA,NA,NA,0,NA,0,NA,NA,NA,0.667485868151839
"DGE_pseudobulk","by_cluster","05_CD4_TCF1hi_naive_stem-like_progenitor","miR29a_vs_EV",11450,105,656,101,16,0.186392153992911,1.53172201973493e-06,656,8,0.926200873362445,9.29441884280594,3.81769424560775e-06,11,0.0294873275245245,0,1,1.24942720765344e-05,0.0758245564916343,7.14803609209635e-06
"DGE_pseudobulk","by_cluster","05_CD4_TCF1hi_naive_stem-like_progenitor","miR29a_vs_Scr",11336,105,655,30,6,0.162911711167262,2.79632104426753e-05,655,4,0.27787579393084,16.4556776556777,0.000158238848382998,4,0.0921030793436381,0,1,0.000356037408861745,0.207231928523186,5.54084429076104e-05
"DGE_pseudobulk","by_cluster","06_Transitional_progenitor-like_CD4","EV_vs_Scr",11028,102,640,2,7,-0.00973163403445292,0.805900869187221,640,0,0.0184983677910773,0,1,0,1,0,1,1,1,0.890732539627981
"DGE_pseudobulk","by_cluster","06_Transitional_progenitor-like_CD4","miR29a_vs_EV",11085,105,648,82,16,0.209736604189687,7.0944359380144e-08,648,7,0.776725304465494,9.76,1.18747923599222e-05,9,0.0493127050412129,0,1,3.05351803540856e-05,0.118350492098911,3.72457886745756e-07
"DGE_pseudobulk","by_cluster","06_Transitional_progenitor-like_CD4","miR29a_vs_Scr",10798,102,637,73,19,0.223487111350976,1.18582257536496e-08,637,7,0.689572142989442,11.1218062982769,5.33280299349033e-06,9,0.0271657446135628,0,1,1.5998408980471e-05,0.075228215852943,1.66015160551095e-07
"DGE_pseudobulk","by_cluster","07_Early_activated_CD4","EV_vs_Scr",11491,108,647,1,4,-0.0030409085703372,0.938464640670548,647,0,0.00939865982072927,0,1,0,1,0,1,1,1,0.961354022150318
"DGE_pseudobulk","by_cluster","07_Early_activated_CD4","miR29a_vs_EV",11577,108,652,117,54,0.175439580478938,6.60225867004806e-06,652,10,1.09147447525266,9.92471443406023,1.27140957268054e-07,17,0.000284157209373867,0,1,5.72134307706241e-07,0.00102296595374592,1.54052702301121e-05
"DGE_pseudobulk","by_cluster","07_Early_activated_CD4","miR29a_vs_Scr",11703,110,658,62,28,0.149342822074079,0.000120469377060469,658,8,0.582756558147484,15.613468013468,1.0454520574559e-07,11,0.000599845879867578,0,1,5.37661058120178e-07,0.00196313197047571,0.000219987558110421
"DGE_pseudobulk","by_cluster","08_Cycling_non-T_review_","EV_vs_Scr",7898,71,469,2,0,-0.0668172846873362,0.148520836752806,469,0,0.0179792352494302,0,1,0,1,0,NA,1,1,0.215099142883375
"DGE_pseudobulk","by_cluster","08_Cycling_non-T_review_","miR29a_vs_EV",5236,32,288,2,0,0.245655679886114,2.49159839334956e-05,288,0,0.0122230710466005,0,1,0,1,0,NA,1,1,5.23235662603407e-05
"DGE_pseudobulk","by_cluster","08_Cycling_non-T_review_","miR29a_vs_Scr",5236,32,288,5,0,0.24370286492333,2.90234700944626e-05,288,0,0.0305576776165011,0,1,0,1,0,NA,1,1,5.54084429076104e-05
"DGE_pseudobulk","by_cluster","09_Treg","EV_vs_Scr",10290,99,622,1,0,-0.00570804408580791,0.887022336488349,622,0,0.00962099125364431,0,1,0,1,0,NA,1,1,0.931373453312767
"DGE_pseudobulk","by_cluster","09_Treg","miR29a_vs_EV",10320,101,624,1,0,0.144138339883673,0.000303569793656066,624,0,0.00978682170542636,0,1,0,1,0,NA,1,1,0.000531247138898115
"DGE_pseudobulk","by_cluster","09_Treg","miR29a_vs_Scr",10352,98,628,12,0,0.17385198213328,1.17894098590001e-05,628,0,0.113601236476043,0,1,0,1,0,NA,1,1,2.60608007409475e-05
"DGE_pseudobulk","by_cluster","10_Transitional_activated_CD4","EV_vs_Scr",10362,100,609,0,0,-0.00596533030996729,0.883202397038535,609,0,NA,NA,NA,0,NA,0,NA,NA,NA,0.931373453312767
"DGE_pseudobulk","by_cluster","10_Transitional_activated_CD4","miR29a_vs_EV",9821,94,589,16,4,0.192926246497876,2.39790133806829e-06,589,1,0.153141227980857,6.89858156028369,0.142725428679894,1,0.628548229104729,0,1,0.285450857359787,1,9.18021701981332e-06
"DGE_pseudobulk","by_cluster","10_Transitional_activated_CD4","miR29a_vs_Scr",9910,95,595,8,0,0.191234660367843,2.62291914851809e-06,595,1,0.0766902119071645,14.7593984962406,0.0741911825447215,1,0.390750449288629,0,NA,0.157110739506469,0.827471539670038,9.18021701981332e-06
"DGE_pseudobulk","by_cluster","11_CX3CR1_KLRG1_differentiated_effector_CD4","EV_vs_Scr",4669,45,340,0,0,-0.0929468545111136,0.08703499418643,340,0,NA,NA,NA,0,NA,0,NA,NA,NA,0.130552491279645
"DGE_pseudobulk","by_cluster","11_CX3CR1_KLRG1_differentiated_effector_CD4","miR29a_vs_EV",6296,62,415,0,0,0.153502614933034,0.00171116658746528,415,0,NA,NA,NA,0,NA,0,NA,NA,NA,0.00287475986694168
"DGE_pseudobulk","by_cluster","11_CX3CR1_KLRG1_differentiated_effector_CD4","miR29a_vs_Scr",4774,46,345,0,0,0.0484247768186608,0.369872530464629,345,0,NA,NA,NA,0,NA,0,NA,NA,NA,0.456901361162189
"DGE_pseudobulk","by_cluster","12_Intermediate_activated_CD4","EV_vs_Scr",1152,12,111,0,0,-0.107533313876442,0.261280467249415,111,0,NA,NA,NA,0,NA,0,NA,NA,NA,0.365792654149181
"DGE_pseudobulk","by_cluster","12_Intermediate_activated_CD4","miR29a_vs_EV",1448,17,137,10,132,0.0470024703253472,0.585471163360621,137,0,0.117403314917127,0,1,1,0.631086659046598,1,0.804943591569437,1,1,0.683049690587391
"DGE_pseudobulk","by_cluster","12_Intermediate_activated_CD4","miR29a_vs_Scr",1544,14,138,1,14,0.00191192818556282,0.982243911178008,138,0,0.00906735751295337,0,1,0,1,0,1,1,1,0.982243911178008
"DGE_pseudobulk","by_cluster","13_NK-like_innate-like_review_","EV_vs_Scr",8616,83,529,1,0,-0.0455478295651845,0.295715862305257,529,0,0.00963324048282266,0,1,0,1,0,NA,1,1,0.4006472973168
"DGE_pseudobulk","by_cluster","13_NK-like_innate-like_review_","miR29a_vs_EV",8610,79,528,17,1,0.196080043573409,5.65127438685185e-06,528,0,0.155981416957027,0,1,0,1,0,1,1,1,1.42477920151068e-05
"DGE_pseudobulk","by_cluster","13_NK-like_innate-like_review_","miR29a_vs_Scr",8709,82,539,12,1,0.196785753174737,4.16188883887383e-06,539,0,0.112986565621771,0,1,0,1,0,1,1,1,1.34461024025155e-05
"DGE_MAST","by_lineage","CD4","EV_vs_Scr",3166,26,133,557,517,-0.173685990838405,0.0455694085221557,133,4,4.57422615287429,0.873556822923912,0.696218743432029,20,0.816837976607519,7,0.117960250791016,0.795722228466223,0.998357526964745,0.0607592113628743
"DGE_MAST","by_lineage","CD4","miR29a_vs_EV",7827,82,433,2418,2788,0.272628270963196,8.10719951835064e-09,433,53,25.3323112303565,2.11666580725004,2.66762037308988e-10,189,5.98638838711527e-09,13,0.999981548705794,9.78127470132956e-10,1.6462568064567e-08,4.86431971101038e-08
"DGE_MAST","by_lineage","CD4","miR29a_vs_Scr",7132,79,407,2222,2507,0.268226593073029,3.89272253187683e-08,407,51,24.6127313516545,2.09728352447976,8.46656111222072e-10,182,2.27026282175019e-09,13,0.999938787722881,2.3283043058607e-09,8.32429701308402e-09,1.16781675956305e-07
"DGE_MAST","by_lineage","CD8","EV_vs_Scr",4390,33,192,331,391,-0.116537535397715,0.107455389707006,192,2,2.48815489749431,0.80261582389242,0.723383844060202,9,0.960304203449126,5,0.165457494178094,0.795722228466223,1,0.120208120965574
"DGE_MAST","by_lineage","CD8","miR29a_vs_EV",8539,84,446,1758,2214,0.282046182274972,1.3338438791861e-09,446,48,17.2938283171332,2.82539682539683,1.77801193019475e-13,160,1.14444264885163e-14,6,0.999997980902891,9.77906561607113e-13,6.29443456868397e-14,1.60061265502332e-08
"DGE_MAST","by_lineage","CD8","miR29a_vs_Scr",7764,81,392,1527,2136,0.276345714142812,2.65810087139277e-08,392,46,15.9308346213292,2.9461074849326,1.31613923971697e-13,150,1.40799094101283e-18,7,0.999994659003983,9.77906561607113e-13,1.54879003511411e-17,1.06324034855711e-07
"DGE_MAST","by_lineage","Innate-like","EV_vs_Scr",9819,80,506,0,0,-0.0710962092030938,0.110190777551776,506,0,NA,NA,NA,0,NA,0,NA,NA,NA,0.120208120965574
"DGE_MAST","by_lineage","Innate-like","miR29a_vs_EV",10631,102,549,18,5,0.188720329292587,8.51357954699852e-06,549,3,0.172702473897093,20.6450980392157,0.000630185473337878,5,0.00176221560946349,0,1,0.000866505025839582,0.00242304646301231,2.04325909127964e-05
"DGE_MAST","by_lineage","Innate-like","miR29a_vs_Scr",10378,97,548,20,7,0.13643402309678,0.00136700685949845,548,4,0.186933898631721,26.4974226804124,3.09780894652579e-05,6,0.000432698563172174,0,1,5.67931640196395e-05,0.000679954884984845,0.00234344033056877
"DGE_MAST","by_lineage","Non-T","EV_vs_Scr",6139,61,346,2,7,-0.0030844707043554,0.954412177738428,346,0,0.0198729434761362,0,1,0,1,0,1,1,1,0.954412177738428
"DGE_MAST","by_lineage","Non-T","miR29a_vs_EV",7599,77,452,26,12,0.166103767914934,0.000390679079939819,452,5,0.263455717857613,23.2591218305504,5.21848587394739e-06,8,8.87521680565908e-05,0,1,1.14806689226843e-05,0.00016271230810375,0.000781358159879639
"DGE_MAST","by_lineage","Non-T","miR29a_vs_Scr",7640,76,455,9,5,0.116235598682331,0.0131019997208108,455,3,0.0895287958115183,49.7631578947368,7.61282741527685e-05,5,7.56219984873617e-05,0,1,0.000119630145097208,0.00016271230810375,0.0196529995812162
"DGE_MAST","by_cluster","00_Activated_intermediate_CD4","EV_vs_Scr",3422,42,152,113,141,-0.156463829817974,0.0542337756214835,152,1,1.38690824079486,0.718537414965986,0.758041166501831,3,0.886698146381968,3,0.24877865208555,1,1,0.0911127430440923
"DGE_MAST","by_cluster","00_Activated_intermediate_CD4","miR29a_vs_EV",7570,86,418,1590,1504,0.300070329609569,3.8141402585313e-10,418,42,18.0634081902246,2.36109608797548,7.58535469890938e-09,141,3.38556772165505e-10,3,0.999998800515531,4.9304805542911e-08,1.46707934605052e-09,1.60193890858315e-08
"DGE_MAST","by_cluster","00_Activated_intermediate_CD4","miR29a_vs_Scr",6790,79,388,1606,1503,0.295327007396958,3.00528447444445e-09,388,40,18.6854197349043,2.16984334836801,1.52215212747405e-07,146,1.50432780294912e-10,7,0.999506932041294,6.59599255238755e-07,7.33359803937694e-10,4.20739826422224e-08
"DGE_MAST","by_cluster","01_Differentiated_activated_effector_CD4","EV_vs_Scr",3694,33,152,291,334,-0.0781923097936792,0.338300528953441,152,2,2.59962100703844,0.767746670860858,0.746474819166845,10,0.771515566623409,8,0.00759915137367226,1,1,0.417900653413074
"DGE_MAST","by_cluster","01_Differentiated_activated_effector_CD4","miR29a_vs_EV",7406,80,406,1561,1407,0.252283713674671,2.58739989445929e-07,406,42,16.8620037807183,2.53202764976959,4.86186895304694e-10,143,8.95751377301936e-12,6,0.998945631584451,6.32042963896102e-09,8.73357592869388e-11,1.21264956855909e-06
"DGE_MAST","by_cluster","01_Differentiated_activated_effector_CD4","miR29a_vs_Scr",6939,79,404,1568,1432,0.258568085567797,1.35717587403008e-07,404,43,17.8515636258827,2.44847478730027,6.65621723066919e-10,152,1.42171404460332e-12,6,0.999608617330545,6.48981179990246e-09,1.84822825798432e-11,8.74051005223217e-07
"DGE_MAST","by_cluster","02_Proliferative_CD8_effector","EV_vs_Scr",4408,29,189,177,287,-0.0961009439055004,0.188358144666635,189,0,1.16447368421053,0,1,6,0.779762395325191,4,0.116111827301072,1,1,0.272794554344781
"DGE_MAST","by_cluster","02_Proliferative_CD8_effector","miR29a_vs_EV",8118,84,430,1428,1630,0.288102624149711,1.15509352573326e-09,430,48,14.7760532150776,3.32670807453416,2.98457013934544e-16,147,1.11633426421571e-17,4,0.99998915567943,1.16398235434472e-14,4.35370363044126e-16,2.42569640403986e-08
"DGE_MAST","by_cluster","02_Proliferative_CD8_effector","miR29a_vs_Scr",7502,79,396,1335,1699,0.28500486396444,7.75148644182078e-09,396,44,14.0582511330312,3.20242379080097,2.82017922402881e-14,138,4.4976371765714e-17,5,0.99998086755229,5.49934948685617e-13,8.77039249431422e-16,8.13906076391182e-08
"DGE_MAST","by_cluster","03_IFNg-associated_early_activated_CD4","EV_vs_Scr",4524,40,200,194,189,-0.0554227888462205,0.435695199374275,200,2,1.71529619805482,1.16770833333333,0.517272935202474,13,0.086143825409431,3,0.232812606878559,0.80694577891586,0.152709508680355,0.508311065936654
"DGE_MAST","by_cluster","03_IFNg-associated_early_activated_CD4","miR29a_vs_EV",8164,87,447,1128,1291,0.222582123103257,2.00930818638778e-06,447,29,12.0205781479667,2.44980285107674,2.66696463912643e-06,113,2.16908750465966e-11,1,0.999999712591865,8.6676350771609e-06,1.69188825363453e-10,7.67190398438972e-06
"DGE_MAST","by_cluster","03_IFNg-associated_early_activated_CD4","miR29a_vs_Scr",7617,88,431,910,962,0.245009022442808,2.59853478976949e-07,431,28,10.5133254562164,2.71608946608947,5.89100928659789e-07,99,2.73209352076816e-11,4,0.997173975661499,2.08863056524834e-06,1.77586078849931e-10,1.21264956855909e-06
"DGE_MAST","by_cluster","04_Non-cycling_exhaustion-like_CD8","EV_vs_Scr",6046,41,266,96,104,-0.0128841785668031,0.834328287185394,266,0,0.651008931524975,0,1,3,0.80165649950615,2,0.156354511596083,1,1,0.874589897096613
"DGE_MAST","by_cluster","04_Non-cycling_exhaustion-like_CD8","miR29a_vs_EV",9617,93,501,623,664,0.166575147139552,0.0001801483813585,501,21,6.02464385983155,3.57239309827457,3.48781951417074e-07,61,9.84834495160931e-07,3,0.96014608778634,1.36024961052659e-06,2.74346752223402e-06,0.000420346223169834
"DGE_MAST","by_cluster","04_Non-cycling_exhaustion-like_CD8","miR29a_vs_Scr",9225,95,493,678,824,0.159238423049694,0.00038616232738758,493,25,6.98211382113821,3.6793745466269,1.18508638303313e-08,71,1.97241504308602e-08,3,0.992860778218505,6.60262413404173e-08,6.41034889002957e-08,0.000820426067873621
"DGE_MAST","by_cluster","05_CD4_TCF1hi_naive_stem-like_progenitor","EV_vs_Scr",6342,51,284,10,14,0.0440390673150955,0.459758174257818,284,0,0.0804162724692526,0,1,0,1,0,1,1,1,0.521887657265631
"DGE_MAST","by_cluster","05_CD4_TCF1hi_naive_stem-like_progenitor","miR29a_vs_EV",9154,92,505,586,425,0.192540203819068,1.31909885035344e-05,505,18,5.8894472361809,3.12147887323944,1.7027600224856e-05,50,0.00122824000664987,1,0.987674799357079,4.15047755480864e-05,0.00266118668107472,3.69347678098962e-05
"DGE_MAST","by_cluster","05_CD4_TCF1hi_naive_stem-like_progenitor","miR29a_vs_Scr",8836,83,490,609,413,0.176983235091732,8.18830001406406e-05,490,14,5.72057492077863,2.48136073706591,0.00147153645403236,37,0.30222656271951,2,0.905667298037062,0.00260863280487554,0.491118164419204,0.000202299176818053
"DGE_MAST","by_cluster","06_Transitional_progenitor-like_CD4","EV_vs_Scr",6412,53,296,120,101,-0.0728914300252833,0.211142754907439,296,0,0.991890205864005,0,1,2,0.97743371518134,0,1,1,1,0.286064377616531
"DGE_MAST","by_cluster","06_Transitional_progenitor-like_CD4","miR29a_vs_EV",9509,88,501,937,917,0.235986120342756,9.06380740892418e-08,501,23,8.67136397097487,2.69398995424707,9.14230954757447e-06,84,5.40061411581323e-07,3,0.992993622891707,2.37700048236936e-05,1.62018423474397e-06,7.61359822349631e-07
"DGE_MAST","by_cluster","06_Transitional_progenitor-like_CD4","miR29a_vs_Scr",9149,95,503,859,600,0.214524426680364,1.19806014726929e-06,503,24,8.91955404962291,2.73931295304129,4.78703097104504e-06,89,1.63530916764401e-09,2,0.988106560933755,1.43610929131351e-05,6.37770575381163e-09,5.03185261853102e-06
"DGE_MAST","by_cluster","07_Early_activated_CD4","EV_vs_Scr",5929,59,261,63,78,-0.0699125074483805,0.260407953355174,261,2,0.626918536009445,3.2620172270075,0.129519035274351,3,0.529304558504327,1,0.543975370612025,0.21046843232082,0.825715111266751,0.341785438778666
"DGE_MAST","by_cluster","07_Early_activated_CD4","miR29a_vs_EV",8512,91,451,681,390,0.244497914531503,1.45675167537203e-07,451,26,7.28042763157895,3.67328244274809,5.21621600564627e-09,77,6.6666020584924e-11,1,0.986311722765958,4.06864848440409e-08,3.71424971830291e-10,8.74051005223217e-07
"DGE_MAST","by_cluster","07_Early_activated_CD4","miR29a_vs_Scr",8271,89,444,670,458,0.205316174448253,1.29690415896948e-05,444,25,7.20952726393423,3.56327846006445,1.92168004507521e-08,73,2.12871979230581e-09,1,0.993890865683792,9.36819021974164e-08,7.54727926362969e-09,3.69347678098962e-05
"DGE_MAST","by_cluster","08_Cycling_non-T_review_","EV_vs_Scr",6139,61,346,2,7,-0.0030844707043554,0.954412177738428,346,0,0.0198729434761362,0,1,0,1,0,1,1,1,0.954412177738428
"DGE_MAST","by_cluster","08_Cycling_non-T_review_","miR29a_vs_EV",7599,77,452,26,12,0.166103767914934,0.000390679079939819,452,5,0.263455717857613,23.2591218305504,5.21848587394739e-06,8,8.87521680565908e-05,0,1,1.45372106488534e-05,0.00021633340963794,0.000820426067873621
"DGE_MAST","by_cluster","08_Cycling_non-T_review_","miR29a_vs_Scr",7640,76,455,9,5,0.116235598682331,0.0131019997208108,455,3,0.0895287958115183,49.7631578947368,7.61282741527685e-05,5,7.56219984873617e-05,0,1,0.000164944593997665,0.000196617196067141,0.0250129085579115
"DGE_MAST","by_cluster","09_Treg","EV_vs_Scr",8064,77,402,4,1,0.0221469541059494,0.657970706579073,402,0,0.0381944444444444,0,1,0,1,0,1,1,1,0.727230780955817
"DGE_MAST","by_cluster","09_Treg","miR29a_vs_EV",8674,85,449,36,25,0.0823073887751128,0.0814808661331603,449,4,0.352778418261471,12.6308823529412,0.000398353659999137,6,0.00964671626406127,0,1,0.000817673302103492,0.0179153302046852,0.13162293759972
"DGE_MAST","by_cluster","09_Treg","miR29a_vs_Scr",8473,87,428,28,16,0.102786208809968,0.0335138958551445,428,0,0.287501475274401,0,1,1,0.766302254010961,0,1,1,1,0.0611992880833073
"DGE_MAST","by_cluster","10_Transitional_activated_CD4","EV_vs_Scr",7854,68,367,11,2,-0.089192257139418,0.0879613478046597,367,0,0.0952380952380952,0,1,0,1,0,1,1,1,0.136828763251693
"DGE_MAST","by_cluster","10_Transitional_activated_CD4","miR29a_vs_EV",9552,90,481,99,17,0.210893459652003,3.07421481272742e-06,481,4,0.932788944723618,4.42666666666667,0.0140653230920555,7,0.230933431839848,0,1,0.0238498956778333,0.391582775728437,1.0759751844546e-05
"DGE_MAST","by_cluster","10_Transitional_activated_CD4","miR29a_vs_Scr",9072,91,482,80,24,0.181524433460257,6.11629846697972e-05,482,5,0.802469135802469,6.57948717948718,0.00120916975501812,10,0.0094880369466359,0,1,0.00224560097360508,0.0179153302046852,0.000160552834758218
"DGE_MAST","by_cluster","11_CX3CR1_KLRG1_differentiated_effector_CD4","EV_vs_Scr",12623,113,655,0,0,-0.0329486442220651,0.399859884137665,655,0,NA,NA,NA,0,NA,0,NA,NA,NA,0.479831860965198
"DGE_MAST","by_cluster","11_CX3CR1_KLRG1_differentiated_effector_CD4","miR29a_vs_EV",12850,112,652,5,7,0.0797708994144551,0.0417272068162822,652,0,0.043579766536965,0,1,0,1,0,1,1,1,0.0730226119284938
"DGE_MAST","by_cluster","11_CX3CR1_KLRG1_differentiated_effector_CD4","miR29a_vs_Scr",12779,118,658,2,0,0.0492029124226825,0.207491643668557,658,0,0.0184677987322952,0,1,0,1,0,NA,1,1,0.286064377616531
"DGE_MAST","by_cluster","12_Intermediate_activated_CD4","EV_vs_Scr",11163,110,628,0,0,0.00887483711933341,0.824341857231455,628,0,NA,NA,NA,0,NA,0,NA,NA,NA,0.874589897096613
"DGE_MAST","by_cluster","12_Intermediate_activated_CD4","miR29a_vs_EV",10704,99,608,25,146,-0.0390763582453874,0.336091803136419,608,0,0.23122197309417,0,1,1,0.768608785133916,1,0.744858247657677,1,1,0.417900653413074
"DGE_MAST","by_cluster","12_Intermediate_activated_CD4","miR29a_vs_Scr",10592,99,602,11,86,0.00752765861575536,0.853766328118123,602,0,0.102813444108761,0,1,0,1,1,0.555527761918615,1,1,0.874589897096613
"DGE_MAST","by_cluster","13_NK-like_innate-like_review_","EV_vs_Scr",9819,80,506,0,0,-0.0710962092030938,0.110190777551776,506,0,NA,NA,NA,0,NA,0,NA,NA,NA,0.165286166327664
"DGE_MAST","by_cluster","13_NK-like_innate-like_review_","miR29a_vs_EV",10631,102,549,18,5,0.188720329292587,8.51357954699852e-06,549,3,0.172702473897093,20.6450980392157,0.000630185473337878,5,0.00176221560946349,0,1,0.00122886167300886,0.00361717940889875,2.75054108441491e-05
"DGE_MAST","by_cluster","13_NK-like_innate-like_review_","miR29a_vs_Scr",10378,97,548,20,7,0.13643402309678,0.00136700685949845,548,4,0.186933898631721,26.4974226804124,3.09780894652579e-05,6,0.000432698563172174,0,1,7.10673817144152e-05,0.000992661409630282,0.0027340137189969
