"module","level","group","median_miR29a","median_ctrl","delta","W","p_value","p_adj_BH"
"score_miR29a_targets_top100","OVERALL","miR29a_vs_EV",-0.014606374411451,0.00899292304478874,-0.0235992974562398,281643757,0,0
"score_miR29a_targets_top100","OVERALL","miR29a_vs_Scr",-0.014606374411451,0.00905068252503333,-0.0236570569364844,307267759,0,0
"score_miR29a_targets_top100","Activated intermediate CD4","miR29a_vs_EV",-0.020398997599909,0.00216136970088347,-0.0225603673007925,14338868,0,0
"score_miR29a_targets_top100","Activated intermediate CD4","miR29a_vs_Scr",-0.020398997599909,0.0026663139961676,-0.0230653115960766,17552516,0,0
"score_miR29a_targets_top100","Differentiated activated/effector CD4","miR29a_vs_EV",-0.0170448765788518,0.00530551166335629,-0.0223503882422081,13561442,0,0
"score_miR29a_targets_top100","Differentiated activated/effector CD4","miR29a_vs_Scr",-0.0170448765788518,0.00642396179984475,-0.0234688383786965,15607865,0,0
"score_miR29a_targets_top100","Proliferative CD8 effector","miR29a_vs_EV",-0.0189279883196136,0.00716175782464867,-0.0260897461442623,4071269,0,0
"score_miR29a_targets_top100","Proliferative CD8 effector","miR29a_vs_Scr",-0.0189279883196136,0.0067662386705741,-0.0256942269901877,5571923,0,0
"score_miR29a_targets_top100","IFNg-associated early activated CD4","miR29a_vs_EV",-0.0124309950829886,0.0128014621434125,-0.0252324572264011,4100832,0,0
"score_miR29a_targets_top100","IFNg-associated early activated CD4","miR29a_vs_Scr",-0.0124309950829886,0.0126400430082769,-0.0250710380912655,3455965,2.83431855933434e-315,8.50295567800301e-315
"score_miR29a_targets_top100","Non-cycling exhaustion-like CD8","miR29a_vs_EV",8.24103313347424e-05,0.0254337228353918,-0.0253513125040571,603779,2.62151051769685e-159,6.55377629424213e-159
"score_miR29a_targets_top100","Non-cycling exhaustion-like CD8","miR29a_vs_Scr",8.24103313347424e-05,0.0252078740081741,-0.0251254636768393,729551,2.1838486383262e-150,5.03965070382969e-150
"score_miR29a_targets_top100","CD4 TCF1hi naive/stem-like progenitor","miR29a_vs_EV",0.0158703364704197,0.0315786630144721,-0.0157083265440523,1020514,1.02668687335993e-45,1.81180036475282e-45
"score_miR29a_targets_top100","CD4 TCF1hi naive/stem-like progenitor","miR29a_vs_Scr",0.0158703364704197,0.0296253599844681,-0.0137550235140484,1069278,4.2006954042278e-40,7.00115900704633e-40
"score_miR29a_targets_top100","Transitional progenitor-like CD4","miR29a_vs_EV",0.00979514647383029,0.0327882460475574,-0.0229930995737271,666358,3.59748928536069e-110,7.19497857072139e-110
"score_miR29a_targets_top100","Transitional progenitor-like CD4","miR29a_vs_Scr",0.00979514647383029,0.0353792830835957,-0.0255841366097654,477444,1.55993084426712e-108,2.92487033300085e-108
"score_miR29a_targets_top100","Early activated CD4","miR29a_vs_EV",-0.0173890536029131,0.00551608987206492,-0.022905143474978,430067,1.2286743815425e-123,2.63287367473394e-123
"score_miR29a_targets_top100","Early activated CD4","miR29a_vs_Scr",-0.0173890536029131,0.00817379767711865,-0.0255628512800317,410089,6.48871275533619e-160,1.76964893327351e-159
"score_miR29a_targets_top100","Cycling non-T (review)","miR29a_vs_EV",-0.0351951863730744,-0.0158978382414169,-0.0192973481316575,98636,3.46704108316433e-25,5.47427539447e-25
"score_miR29a_targets_top100","Cycling non-T (review)","miR29a_vs_Scr",-0.0351951863730744,-0.0184833180727744,-0.0167118683003,59639,2.20402011883965e-17,3.00548198023589e-17
"score_miR29a_targets_top100","Treg","miR29a_vs_EV",0.00600359764341842,0.0185660773521966,-0.0125624797087782,99951,4.19372347286214e-11,5.03246816743457e-11
"score_miR29a_targets_top100","Treg","miR29a_vs_Scr",0.00600359764341842,0.0170759134628631,-0.0110723158194447,114738,1.81268691755637e-09,2.09156182794966e-09
"score_miR29a_targets_top100","Transitional activated CD4","miR29a_vs_EV",-0.0117576413272099,0.00967331628015886,-0.0214309576073687,43433,3.36107919532203e-21,4.80154170760291e-21
"score_miR29a_targets_top100","Transitional activated CD4","miR29a_vs_Scr",-0.0117576413272099,0.00820691053358871,-0.0199645518607986,71271,5.34296887455368e-24,8.01445331183052e-24
"score_miR29a_targets_top100","CX3CR1+KLRG1+ differentiated effector CD4","miR29a_vs_EV",0.00802542763498865,0.0242488241175638,-0.0162233964825751,21665,0.000156343064388046,0.00016751042613005
"score_miR29a_targets_top100","CX3CR1+KLRG1+ differentiated effector CD4","miR29a_vs_Scr",0.00802542763498865,0.0256543526223043,-0.0176289249873157,13860,0.000164578682247343,0.00017025380922139
"score_miR29a_targets_top100","Intermediate activated CD4","miR29a_vs_EV",0.00340031097444556,0.0393653018273874,-0.0359649908529419,8072,4.92670634010944e-08,5.47411815567715e-08
"score_miR29a_targets_top100","Intermediate activated CD4","miR29a_vs_Scr",0.00340031097444556,0.0203972398660921,-0.0169969288916466,8201,0.0162676695295317,0.0162676695295317
"score_miR29a_targets_top100","NK-like / innate-like (review)","miR29a_vs_EV",-0.0251579312160575,7.95722287152967e-06,-0.025165888438929,3372,1.40476685408274e-13,1.75595856760342e-13
"score_miR29a_targets_top100","NK-like / innate-like (review)","miR29a_vs_Scr",-0.0251579312160575,0.00318824918881197,-0.0283461804048694,3941,5.51047017166172e-16,7.18756978912398e-16
"score_miR29a_targets_score_lt_neg0.2","OVERALL","miR29a_vs_EV",0.0167198637850845,0.0243853531124196,-0.0076654893273351,406832995,0,0
"score_miR29a_targets_score_lt_neg0.2","OVERALL","miR29a_vs_Scr",0.0167198637850845,0.023126880406835,-0.00640701662175054,457914617,0,0
"score_miR29a_targets_score_lt_neg0.2","Activated intermediate CD4","miR29a_vs_EV",0.0150056290357988,0.0217736226049958,-0.00676799356919704,21615329,6.51817963290019e-162,3.25908981645009e-161
"score_miR29a_targets_score_lt_neg0.2","Activated intermediate CD4","miR29a_vs_Scr",0.0150056290357988,0.0210663666615915,-0.00606073762579268,27012363,1.94950778278665e-152,7.31065418544993e-152
"score_miR29a_targets_score_lt_neg0.2","Differentiated activated/effector CD4","miR29a_vs_EV",0.0170640512514948,0.0249324955319128,-0.00786844428041802,19603419,2.55729117996477e-181,1.53437470797886e-180
"score_miR29a_targets_score_lt_neg0.2","Differentiated activated/effector CD4","miR29a_vs_Scr",0.0170640512514948,0.0233216152391167,-0.00625756398762199,24116060,1.2421202046843e-130,4.14040068228098e-130
"score_miR29a_targets_score_lt_neg0.2","Proliferative CD8 effector","miR29a_vs_EV",0.0114053040815742,0.0223755990510267,-0.0109702949694525,6446821,5.9554428044317e-246,5.9554428044317e-245
"score_miR29a_targets_score_lt_neg0.2","Proliferative CD8 effector","miR29a_vs_Scr",0.0114053040815742,0.0206515034443172,-0.00924619936274293,9411389,2.71935560995358e-206,2.03951670746518e-205
"score_miR29a_targets_score_lt_neg0.2","IFNg-associated early activated CD4","miR29a_vs_EV",0.0141619488117903,0.0233178251136382,-0.00915587630184794,5374475,1.31480427347204e-157,5.63487545773733e-157
"score_miR29a_targets_score_lt_neg0.2","IFNg-associated early activated CD4","miR29a_vs_Scr",0.0141619488117903,0.0220163587327219,-0.00785440992093159,4955087,8.17058923181347e-107,2.45117676954404e-106
"score_miR29a_targets_score_lt_neg0.2","Non-cycling exhaustion-like CD8","miR29a_vs_EV",0.0217123407561386,0.0313112192861765,-0.00959887853003792,889015,7.43277469814976e-61,2.02712037222266e-60
"score_miR29a_targets_score_lt_neg0.2","Non-cycling exhaustion-like CD8","miR29a_vs_Scr",0.0217123407561386,0.0287747410994153,-0.00706240034327672,1151967,3.5697884578038e-34,6.69335335838213e-34
"score_miR29a_targets_score_lt_neg0.2","CD4 TCF1hi naive/stem-like progenitor","miR29a_vs_EV",0.0389801980136356,0.0416659349133117,-0.00268573689967602,1296962,4.37223443499949e-06,5.24668132199938e-06
"score_miR29a_targets_score_lt_neg0.2","CD4 TCF1hi naive/stem-like progenitor","miR29a_vs_Scr",0.0389801980136356,0.0402691405043999,-0.00128894249076425,1387668,0.0145320112210964,0.0145320112210964
"score_miR29a_targets_score_lt_neg0.2","Transitional progenitor-like CD4","miR29a_vs_EV",0.0277210541536026,0.0360587942089017,-0.00833774005529908,862432,8.11987429005978e-49,1.87381714385995e-48
"score_miR29a_targets_score_lt_neg0.2","Transitional progenitor-like CD4","miR29a_vs_Scr",0.0277210541536026,0.0369003136198961,-0.00917925946629353,636287,2.60965949560153e-47,5.59212749057471e-47
"score_miR29a_targets_score_lt_neg0.2","Early activated CD4","miR29a_vs_EV",0.0140298271333594,0.0224691292024918,-0.00843930206913246,602852,3.50865665019215e-52,8.77164162548037e-52
"score_miR29a_targets_score_lt_neg0.2","Early activated CD4","miR29a_vs_Scr",0.0140298271333594,0.0215381046027609,-0.00750827746940157,709497,1.11085600394536e-39,2.22171200789072e-39
"score_miR29a_targets_score_lt_neg0.2","Cycling non-T (review)","miR29a_vs_EV",-0.0231281921932936,-0.0117037815184406,-0.011424410674853,91163,3.27422060621212e-30,5.77803636390374e-30
"score_miR29a_targets_score_lt_neg0.2","Cycling non-T (review)","miR29a_vs_Scr",-0.0231281921932936,-0.0144890629877365,-0.00863912920555711,60756,2.20559969728936e-16,3.67599949548228e-16
"score_miR29a_targets_score_lt_neg0.2","Treg","miR29a_vs_EV",0.0278218467889095,0.0319381563475207,-0.00411630955861125,115000,0.000464337729296394,0.000535774303034301
"score_miR29a_targets_score_lt_neg0.2","Treg","miR29a_vs_Scr",0.0278218467889095,0.0314138534143832,-0.00359200662547375,130661,0.00272603300185877,0.00302892555762086
"score_miR29a_targets_score_lt_neg0.2","Transitional activated CD4","miR29a_vs_EV",0.0154900012028342,0.0241056615882888,-0.00861566038545465,53017,2.63830657890623e-10,3.76900939843747e-10
"score_miR29a_targets_score_lt_neg0.2","Transitional activated CD4","miR29a_vs_Scr",0.0154900012028342,0.0228972146658718,-0.00740721346303765,88158,2.02749676493109e-10,3.04124514739663e-10
"score_miR29a_targets_score_lt_neg0.2","CX3CR1+KLRG1+ differentiated effector CD4","miR29a_vs_EV",0.0288063243873856,0.0335967031404729,-0.00479037875308729,23374,0.00755030362139579,0.0078106589186853
"score_miR29a_targets_score_lt_neg0.2","CX3CR1+KLRG1+ differentiated effector CD4","miR29a_vs_Scr",0.0288063243873856,0.0377237983284597,-0.00891747394107412,14796,0.00308706172178361,0.00330756613048244
"score_miR29a_targets_score_lt_neg0.2","Intermediate activated CD4","miR29a_vs_EV",0.0392213254220435,0.066513394935343,-0.0272920695132996,6986,7.18422203907263e-11,1.13435084827463e-10
"score_miR29a_targets_score_lt_neg0.2","Intermediate activated CD4","miR29a_vs_Scr",0.0392213254220435,0.0688251490045461,-0.0296038235825026,5699,1.84878349753105e-07,2.31097937191381e-07
"score_miR29a_targets_score_lt_neg0.2","NK-like / innate-like (review)","miR29a_vs_EV",0.00903079779535675,0.0210602779397362,-0.0120294801443794,4076,8.86344989417773e-10,1.15610216011014e-09
"score_miR29a_targets_score_lt_neg0.2","NK-like / innate-like (review)","miR29a_vs_Scr",0.00903079779535675,0.0215411223772914,-0.0125103245819346,5178,5.91742681356857e-10,8.06921838213895e-10
