miRNA,state,mean_logN,mean_norm,rel_pct
mmu-let-7a-5p,Tn,8.68466514954723,413.209066893516,2.09301161346486
mmu-let-7a-5p,Teff,8.35413652846541,328.611637303767,1.69984706481113
mmu-let-7a-5p,Tmem,8.37987767679898,332.627981775225,1.99782167866722
mmu-let-7a-5p,Tex,8.40282859819011,340.23996470834,1.84609046782902
mmu-let-7b-5p,Tn,7.74254527707388,215.276692933407,1.09043255465167
mmu-let-7b-5p,Teff,6.06228451016418,66.0002410345347,0.341407008345455
mmu-let-7b-5p,Tmem,6.39847884561398,83.639094236185,0.502350989106072
mmu-let-7b-5p,Tex,5.63218508763804,48.9844024708525,0.265781941728271
mmu-let-7c-5p,Tn,7.24049542329943,150.384993777461,0.761739186493164
mmu-let-7c-5p,Teff,4.47687501321399,21.5369098316161,0.11140644093664
mmu-let-7c-5p,Tmem,5.26726879254824,38.3252037001247,0.230187858468223
mmu-let-7c-5p,Tex,5.19649157653111,37.667545613191,0.204378392064071
mmu-let-7d-3p,Tn,5.62339616227858,70.5462666654732,0.357335226275358
mmu-let-7d-3p,Teff,4.44904562777853,20.842190273414,0.107812785484977
mmu-let-7d-3p,Tmem,3.83376814228152,13.8429260405233,0.0831430284137455
mmu-let-7d-3p,Tex,1.47088199519087,3.34175093466955,0.0181318339591309
mmu-let-7d-5p,Tn,7.32033601828622,164.19912426257,0.831711357608913
mmu-let-7d-5p,Teff,7.67857610959377,207.032214159764,1.0709392535466
mmu-let-7d-5p,Tmem,8.33775699417805,324.263713684938,1.94758442554204
mmu-let-7d-5p,Tex,8.08305555374282,270.477156578504,1.46756804701971
mmu-let-7f-5p,Tn,7.87004740835098,235.897525964456,1.19488244811063
mmu-let-7f-5p,Teff,7.08473488533967,137.55861674516,0.711565216716868
mmu-let-7f-5p,Tmem,7.16861493741954,143.105495957097,0.859516570535279
mmu-let-7f-5p,Tex,6.96087673884404,124.725360579169,0.676740898028012
mmu-let-7g-5p,Tn,7.84016892179622,228.391883956189,1.15686441523465
mmu-let-7g-5p,Teff,7.87904594941087,234.822090884112,1.21469113272208
mmu-let-7g-5p,Tmem,7.16766650431937,143.39779374663,0.861272162044566
mmu-let-7g-5p,Tex,6.90468399634568,119.378559083698,0.647729963693402
mmu-let-7i-3p,Tn,2.36615457899224,5.88523536672639,0.0298102509297231
mmu-let-7i-3p,Teff,6.23327162878076,79.2004839796009,0.409689417358933
mmu-let-7i-3p,Tmem,6.75648615256631,107.313363406038,0.644542779230619
mmu-let-7i-3p,Tex,6.54819814339452,95.8735617404735,0.520195411487375
mmu-let-7i-5p,Tn,3.0734702486773,34.9310053537558,0.176934645759491
mmu-let-7i-5p,Teff,7.72618723731766,211.200941907576,1.09250330917244
mmu-let-7i-5p,Tmem,7.64538085602531,199.835229478414,1.20024524540211
mmu-let-7i-5p,Tex,7.4359935605931,173.439185128732,0.941054724975217
mmu-miR-101c,Tn,3.98456180108622,16.5622784116757,0.0838922565801508
mmu-miR-101c,Teff,0,0,0
mmu-miR-101c,Tmem,1.89103910485363,6.37842476500818,0.0383099317239411
mmu-miR-101c,Tex,0,0,0
mmu-miR-103-3p,Tn,5.37155558452987,43.0796538327326,0.21820967398857
mmu-miR-103-3p,Teff,6.10912176183221,68.0845043205486,0.352188515835859
mmu-miR-103-3p,Tmem,6.4161658376313,86.6362785614109,0.520352600960676
mmu-miR-103-3p,Tex,5.47771734500945,43.772889936026,0.237505064784195
mmu-miR-106a-5p,Tn,1.62371549695706,4.24836551599733,0.0215190785383165
mmu-miR-106a-5p,Teff,2.54148321308185,4.86318175397897,0.0251563374260618
mmu-miR-106a-5p,Tmem,4.68593571848949,24.849046419362,0.149247707200883
mmu-miR-106a-5p,Tex,1.33301486057475,2.67340074773564,0.0145054671673047
mmu-miR-106b-3p,Tn,0,0,0
mmu-miR-106b-3p,Teff,3.22293994013207,8.33687610936562,0.0431251141939906
mmu-miR-106b-3p,Tmem,2.2915988116119,4.20932933001517,0.0252819661871887
mmu-miR-106b-3p,Tex,1.98651649497998,7.351852056273,0.0398900347100879
mmu-miR-106b-5p,Tn,2.25872240115626,10.9513422190153,0.0554714024543269
mmu-miR-106b-5p,Teff,4.89058612975289,29.1790985709052,0.150938066182172
mmu-miR-106b-5p,Tmem,5.56158455257259,46.5145988177631,0.279374794016675
mmu-miR-106b-5p,Tex,4.87917484359797,28.5135764370835,0.154710343064304
mmu-miR-107-3p,Tn,1.09885544037024,1.79375432897665,0.00908583316062251
mmu-miR-107-3p,Teff,0,0,0
mmu-miR-107-3p,Tmem,1.83715095909591,2.57602499572203,0.0154720554590018
mmu-miR-107-3p,Tex,0,0,0
mmu-miR-1198-5p,Tn,3.32286129890946,10.1068253017223,0.0511937041720739
mmu-miR-1198-5p,Teff,4.13906405984778,16.6737441716999,0.0862501867621801
mmu-miR-1198-5p,Tmem,2.2915988116119,4.20932933001517,0.0252819661871887
mmu-miR-1198-5p,Tex,1.33301486057475,2.67340074773564,0.0145054671673047
mmu-miR-130b-3p,Tn,1.20879444733917,2.17138681928753,0.0109986401418062
mmu-miR-130b-3p,Teff,3.19756842575533,9.72638764905206,0.0503127997295269
mmu-miR-130b-3p,Tmem,3.68643953030307,12.9230788252671,0.0776182655904474
mmu-miR-130b-3p,Tex,1.91093275469501,6.57076106880177,0.0356519534261509
mmu-miR-130b-5p,Tn,0,0,0
mmu-miR-130b-5p,Teff,1.35662240647444,2.77897479718462,0.0143751213162658
mmu-miR-130b-5p,Tmem,1.4469001739595,1.72785570500488,0.0103778027532279
mmu-miR-130b-5p,Tex,0,0,0
mmu-miR-140-3p,Tn,5.27143538704175,37.7110850472305,0.191016473945269
mmu-miR-140-3p,Teff,6.05978515307567,66.0003054107857,0.341407341351864
mmu-miR-140-3p,Tmem,5.05339093188694,32.2533064934245,0.193718984726922
mmu-miR-140-3p,Tex,6.39212748704285,83.5807750706636,0.453496614614277
mmu-miR-142a-3p,Tn,11.1124512922004,2229.50900677025,11.2930441690844
mmu-miR-142a-3p,Teff,10.4109783080959,1360.99481160761,7.04017378908524
mmu-miR-142a-3p,Tmem,9.96123429346485,996.225239039853,5.98350255672174
mmu-miR-142a-3p,Tex,10.0201445743279,1038.04554373756,5.63227775170094
mmu-miR-142a-5p,Tn,8.46816488474567,353.178195135515,1.78893960289522
mmu-miR-142a-5p,Teff,7.9693898550065,259.833057187527,1.3440682235877
mmu-miR-142a-5p,Tmem,7.39394595962445,170.003419948879,1.02107019382076
mmu-miR-142a-5p,Tex,7.7711737464169,226.5094278178,1.22900581631055
mmu-miR-147-3p,Tn,0,0,0
mmu-miR-147-3p,Teff,7.80152042135866,234.822453000524,1.21469300588313
mmu-miR-147-3p,Tmem,7.07505071460949,135.291513276617,0.812584427567397
mmu-miR-147-3p,Tex,6.66702126812042,103.586184358466,0.562042932572218
mmu-miR-150-3p,Tn,5.49986288738165,63.9146915117922,0.323744569815256
mmu-miR-150-3p,Teff,4.64639575796784,26.4001720559088,0.136563194620713
mmu-miR-150-3p,Tmem,3.02683098316668,7.24667445620955,0.0435247908176369
mmu-miR-150-3p,Tex,2.15056718633383,9.35690261707473,0.0507691350855664
mmu-miR-150-5p,Tn,8.80286032237993,448.564110410741,2.27209412303422
mmu-miR-150-5p,Teff,7.20958988574702,148.674161864518,0.769063870446681
mmu-miR-150-5p,Tmem,4.77957981877299,27.4451518155683,0.164840369047807
mmu-miR-150-5p,Tex,2.36115942839843,12.6986535517443,0.0689009690446973
mmu-miR-155-3p,Tn,0,0,0
mmu-miR-155-3p,Teff,1.61147370024692,4.16846219577694,0.0215626819743987
mmu-miR-155-3p,Tmem,0.889078231090364,1.21493805047775,0.00729712985217926
mmu-miR-155-3p,Tex,3.07335261590261,8.5758116296035,0.0465310538016294
mmu-miR-155-5p,Tn,6.66055313384209,100.639451194525,0.50976504873537
mmu-miR-155-5p,Teff,9.18350170347796,589.833377186749,3.05109868647685
mmu-miR-155-5p,Tmem,10.4538297607452,1449.12517901934,8.70369859533862
mmu-miR-155-5p,Tex,11.7414921662882,3984.48639592757,21.6192191326547
mmu-miR-15a-5p,Tn,5.52876403091798,45.4525510986034,0.230229017059535
mmu-miR-15a-5p,Teff,6.34843161849395,80.5898265316284,0.416876228752646
mmu-miR-15a-5p,Tmem,6.78643821746156,109.387907470319,0.657002852742331
mmu-miR-15a-5p,Tex,5.78344265955972,61.885989463564,0.335783996858768
mmu-miR-15b-3p,Tn,2.72345880052,5.80867763148292,0.0294224660484043
mmu-miR-15b-3p,Teff,3.42308806363611,9.72635546092656,0.0503126332263224
mmu-miR-15b-3p,Tmem,3.0836353743027,7.48737472168782,0.0449704785973211
mmu-miR-15b-3p,Tex,1.33301486057475,2.67340074773564,0.0145054671673047
mmu-miR-15b-5p,Tn,8.39555311744237,338.479685424007,1.71448782051277
mmu-miR-15b-5p,Teff,8.38137552110598,332.780389192674,1.72141124531437
mmu-miR-15b-5p,Tmem,7.73741618723896,213.013502878266,1.27939625412097
mmu-miR-15b-5p,Tex,7.05181933250024,144.978799628153,0.786632987868596
mmu-miR-16-5p,Tn,9.07663965396754,540.827621750173,2.7394328534843
mmu-miR-16-5p,Teff,8.42520937262999,346.674796450777,1.79328443759923
mmu-miR-16-5p,Tmem,8.18760979428182,290.913158498253,1.74727517377087
mmu-miR-16-5p,Tex,7.38366761976062,171.329488383683,0.929607830268466
mmu-miR-17-3p,Tn,0.607595044275043,0.66085685804403,0.00334741221707145
mmu-miR-17-3p,Teff,0,0,0
mmu-miR-17-3p,Tmem,2.47974789502618,4.63913233691693,0.0278634380169548
mmu-miR-17-3p,Tex,3.47193773583449,11.8724662440581,0.0644182019639159
mmu-miR-17-5p,Tn,5.17215756613937,47.775666210232,0.241996200545147
mmu-miR-17-5p,Teff,6.27459468197639,77.1160436588967,0.398906994100905
mmu-miR-17-5p,Tmem,7.59478109445631,192.313544587467,1.15506869394351
mmu-miR-17-5p,Tex,5.71900084068403,51.7028995388031,0.28053209469242
mmu-miR-181a-5p,Tn,5.16322866264108,37.2428134421025,0.188644556225368
mmu-miR-181a-5p,Teff,1.18486754524612,2.08423109788847,0.0107813409871993
mmu-miR-181a-5p,Tmem,1.70514059187016,2.33532473024376,0.0140263676793176
mmu-miR-181a-5p,Tex,1.68626035170127,4.67845130853737,0.0253845675427832
mmu-miR-182-5p,Tn,0,0,0
mmu-miR-182-5p,Teff,5.98732484866987,66.6951456744583,0.345001621190544
mmu-miR-182-5p,Tmem,5.53966877902288,45.55179775585,0.273592042897938
mmu-miR-182-5p,Tex,5.5610740925749,51.2149346327289,0.277884471087971
mmu-miR-1839-5p,Tn,2.57750739382824,5.33663701859433,0.0270314573219247
mmu-miR-1839-5p,Teff,3.4108808216988,9.72634741389518,0.0503125916005213
mmu-miR-1839-5p,Tmem,2.81477311501554,6.06325352930238,0.0364169583071379
mmu-miR-1839-5p,Tex,1.77382380563277,5.34680149547128,0.0290109343346094
mmu-miR-185-5p,Tn,1.54818573456202,3.77632490310874,0.0191280698118369
mmu-miR-185-5p,Teff,3.53372852008917,12.5052739288916,0.0646874631619803
mmu-miR-185-5p,Tmem,3.37141163875372,12.5362296650223,0.07529478205612
mmu-miR-185-5p,Tex,3.24394761526976,9.24416181653741,0.0501574205934556
mmu-miR-18a-3p,Tn,0,0,0
mmu-miR-18a-3p,Teff,0,0,0
mmu-miR-18a-3p,Tmem,2.60554631330939,6.11485105335717,0.0367268620367402
mmu-miR-18a-3p,Tex,4.98740980684037,38.8915051865215,0.211019411155612
mmu-miR-18a-5p,Tn,0.663995971281913,0.755264980621748,0.00382561396236737
mmu-miR-18a-5p,Teff,4.31873174386609,22.9263328539574,0.118593668588363
mmu-miR-18a-5p,Tmem,5.30184166553341,42.6547508927129,0.256191874107564
mmu-miR-18a-5p,Tex,4.62726765287871,23.8351251285461,0.129325775521521
mmu-miR-191-5p,Tn,5.40281288888072,41.9951513378963,0.21271638621154
mmu-miR-191-5p,Teff,6.79140866340276,109.768868773314,0.56781400355421
mmu-miR-191-5p,Tmem,6.52579100428194,91.9860749716763,0.552484411362925
mmu-miR-191-5p,Tex,6.24435259152137,74.9147708006302,0.406476189218959
mmu-miR-193a-3p,Tn,0.323748777992457,0.283224367733155,0.00143460523588777
mmu-miR-193a-3p,Teff,0,0,0
mmu-miR-193a-3p,Tmem,2.40859474246714,4.33539782429749,0.02603915555391
mmu-miR-193a-3p,Tex,0,0,0
mmu-miR-19a-3p,Tn,0.663995971281913,0.755264980621748,0.00382561396236737
mmu-miR-19a-3p,Teff,1.35662240647444,2.77897479718462,0.0143751213162658
mmu-miR-19a-3p,Tmem,2.78238783553067,5.96870215859064,0.035849066282097
mmu-miR-19a-3p,Tex,0,0,0
mmu-miR-19b-3p,Tn,3.74290504718627,18.0995839539206,0.0916791098008513
mmu-miR-19b-3p,Teff,3.36197365886086,11.8105302295954,0.0610936828329138
mmu-miR-19b-3p,Tmem,5.41190135243071,41.5831686913131,0.249755764490433
mmu-miR-19b-3p,Tex,4.70995497369472,25.7950793691329,0.139960190100155
mmu-miR-20a-3p,Tn,0,0,0
mmu-miR-20a-3p,Teff,1.71154781995868,4.86320589507309,0.0251564623034652
mmu-miR-20a-3p,Tmem,2.67483749353848,6.65928583145488,0.0399968322794692
mmu-miR-20a-3p,Tex,0,0,0
mmu-miR-20a-5p,Tn,5.27162275328716,69.8939424744195,0.354031034240358
mmu-miR-20a-5p,Teff,6.12885250993372,69.4739192958586,0.359375701861782
mmu-miR-20a-5p,Tmem,7.43247851862538,172.341537724812,1.03511333701967
mmu-miR-20a-5p,Tex,5.97483289372346,66.0683812497372,0.358477020636264
mmu-miR-20b-5p,Tn,3.59052295937526,14.9841159088559,0.0758984522060859
mmu-miR-20b-5p,Teff,3.65991203217974,11.8105624177209,0.0610938493361183
mmu-miR-20b-5p,Tmem,5.20071890956872,35.9697985693967,0.216040884400984
mmu-miR-20b-5p,Tex,1.33301486057475,2.67340074773564,0.0145054671673047
mmu-miR-210-3p,Tn,0,0,0
mmu-miR-210-3p,Teff,5.02232625450886,33.3474400612115,0.172500123769553
mmu-miR-210-3p,Tmem,8.63262148345476,400.335111597498,2.4044825104991
mmu-miR-210-3p,Tex,6.40690609062885,86.3218202987216,0.468369110476848
mmu-miR-219a-5p,Tn,4.56368994369251,43.2290002954589,0.218966152744629
mmu-miR-219a-5p,Teff,4.72817685801631,26.4001479148147,0.136563069743309
mmu-miR-219a-5p,Tmem,4.76717291935979,26.304684735318,0.157990524832746
mmu-miR-219a-5p,Tex,2.15056718633383,9.35690261707473,0.0507691350855664
mmu-miR-21a-3p,Tn,0,0,0
mmu-miR-21a-3p,Teff,3.7197643332125,13.8948337507662,0.0718753984523233
mmu-miR-21a-3p,Tmem,2.38815727697505,4.27236357715633,0.0256605608705494
mmu-miR-21a-3p,Tex,2.15056718633383,9.35690261707473,0.0507691350855664
mmu-miR-21a-5p,Tn,2.11436037061407,8.87436352230554,0.0449509640578166
mmu-miR-21a-5p,Teff,10.9768867125506,2148.13939876906,11.1119267770401
mmu-miR-21a-5p,Tmem,7.42064040697568,170.917416532426,1.02655981672949
mmu-miR-21a-5p,Tex,8.26044475359041,339.212579648449,1.84051603224653
mmu-miR-222-3p,Tn,0,0,0
mmu-miR-222-3p,Teff,0,0,0
mmu-miR-222-3p,Tmem,2.09958593517158,3.3926771628686,0.0203770108230952
mmu-miR-222-3p,Tex,0,0,0
mmu-miR-23a-3p,Tn,4.48177153025081,38.2939969918852,0.19396907486219
mmu-miR-23a-3p,Teff,4.9554483900573,31.9579607096505,0.165312604737222
mmu-miR-23a-3p,Tmem,7.12503044008069,138.898959672771,0.834251379867685
mmu-miR-23a-3p,Tex,6.12869001222324,70.769380718382,0.383983931077469
mmu-miR-23b-3p,Tn,2.2646450148537,11.0457503415931,0.0559496041996229
mmu-miR-23b-3p,Teff,5.03446048995454,32.6527205030094,0.16890646831789
mmu-miR-23b-3p,Tmem,6.20995234614522,73.0714205416458,0.438879697582864
mmu-miR-23b-3p,Tex,6.24050770997229,75.4478320269193,0.409368498620252
mmu-miR-24-3p,Tn,10.2400708897139,2453.78930706119,12.4290823415026
mmu-miR-24-3p,Teff,12.202560851285,4858.321396733,25.1311956992919
mmu-miR-24-3p,Tmem,12.3299150169664,5168.59580459559,31.0434879578691
mmu-miR-24-3p,Tex,11.5413308698666,3460.16396227987,18.7743250954251
mmu-miR-25-3p,Tn,8.82113604180005,505.327183706544,2.55961388274629
mmu-miR-25-3p,Teff,9.85458185743596,946.931356978875,4.89830031871397
mmu-miR-25-3p,Tmem,9.06215411883203,539.019831117649,3.23744712664035
mmu-miR-25-3p,Tex,9.87336622079128,980.554709806187,5.3203412024504
mmu-miR-26a-5p,Tn,9.26270955162261,635.662949374329,3.21979850367768
mmu-miR-26a-5p,Teff,8.30113458329824,316.10674158535,1.6351615580618
mmu-miR-26a-5p,Tmem,7.4750623684376,176.920428860276,1.06261495587286
mmu-miR-26a-5p,Tex,6.6084254159753,111.80932004264,0.606660420159931
mmu-miR-26b-5p,Tn,8.69403581934047,484.341804913289,2.45331746999463
mmu-miR-26b-5p,Teff,7.75805727122923,216.064131708586,1.1176596882243
mmu-miR-26b-5p,Tmem,7.68480336736187,205.316945014671,1.23316938508565
mmu-miR-26b-5p,Tex,6.59436895267105,107.776670760929,0.584779876510552
mmu-miR-27a-3p,Tn,6.66556991126594,103.375899571133,0.52362587293012
mmu-miR-27a-3p,Teff,4.9554483900573,31.9579607096505,0.165312604737222
mmu-miR-27a-3p,Tmem,6.97813276276207,125.190745803927,0.751917456254825
mmu-miR-27a-3p,Tex,6.31094157836938,78.7895829615889,0.427500332579383
mmu-miR-27b-3p,Tn,4.72982601793367,26.0260972426883,0.13182896539913
mmu-miR-27b-3p,Teff,5.53984113020358,45.8528507896364,0.237188294570153
mmu-miR-27b-3p,Tmem,5.58038595952089,46.8612871770395,0.281457064775158
mmu-miR-27b-3p,Tex,6.1630820387645,70.8595733588118,0.384473302671158
mmu-miR-29a-3p,Tn,8.08502184828154,271.443375029774,1.37493143750842
mmu-miR-29a-3p,Teff,8.13454256089146,288.317363776947,1.491412259686
mmu-miR-29a-3p,Tmem,7.67918895398962,207.721154623765,1.2476094873629
mmu-miR-29a-3p,Tex,8.74576733114601,527.509834632954,2.86218839176269
mmu-miR-29b-3p,Tn,5.77583967263083,63.0749382537289,0.319491000708496
mmu-miR-29b-3p,Teff,6.31028028826916,78.5055551985831,0.406094679636441
mmu-miR-29b-3p,Tmem,6.22444463585666,73.7734409375964,0.443096154533994
mmu-miR-29b-3p,Tex,6.32624042725798,81.3502429087872,0.441394085254577
mmu-miR-29c-3p,Tn,3.14451420031079,11.1185390690759,0.0563182980743633
mmu-miR-29c-3p,Teff,4.30146540661795,20.1474948563061,0.104219254910717
mmu-miR-29c-3p,Tmem,3.55879546583322,11.0577179028935,0.0664145825167399
mmu-miR-29c-3p,Tex,5.75619522383731,82.9494265876546,0.450071013458456
mmu-miR-301a-3p,Tn,0,0,0
mmu-miR-301a-3p,Teff,2.85185993944874,6.25265305850853,0.0323438148325924
mmu-miR-301a-3p,Tmem,2.24301724722712,3.7594459226292,0.0225798879695007
mmu-miR-301a-3p,Tex,3.70146406256098,13.8549686447524,0.0751749594409723
mmu-miR-30b-5p,Tn,5.03506131429571,32.2213325581492,0.163209446860707
mmu-miR-30b-5p,Teff,1.49524483688312,3.47371849648078,0.0179689016453323
mmu-miR-30b-5p,Tmem,2.4859275325967,4.60761521334635,0.0276741406752745
mmu-miR-30b-5p,Tex,0,0,0
mmu-miR-30c-5p,Tn,4.88184784406327,32.6614414041299,0.165438712865811
mmu-miR-30c-5p,Teff,5.82684774491002,56.2738694795454,0.29109429186753
mmu-miR-30c-5p,Tmem,5.99201135479747,62.9048257761264,0.377817356067336
mmu-miR-30c-5p,Tex,5.39573217604208,42.5038340424806,0.230619359895809
mmu-miR-30d-5p,Tn,5.64672314517244,49.6027394842623,0.251250802845977
mmu-miR-30d-5p,Teff,3.97652118177707,15.2842970082644,0.0790628342330528
mmu-miR-30d-5p,Tmem,4.60141553170672,23.27877633221,0.139816391156057
mmu-miR-30d-5p,Tex,3.0956244548848,7.93000960277705,0.0430270299082254
mmu-miR-30e-3p,Tn,0.405844420499071,0.377632490310874,0.00191280698118369
mmu-miR-30e-3p,Teff,2.8518601621996,6.2526611055399,0.0323438564583935
mmu-miR-30e-3p,Tmem,1.83715095909591,2.57602499572203,0.0154720554590018
mmu-miR-30e-3p,Tex,1.58657989035456,4.01010112160346,0.021758200750957
mmu-miR-30e-5p,Tn,6.23908542246772,74.7613132364169,0.378685535673467
mmu-miR-30e-5p,Teff,5.01148689917313,31.2632894336368,0.161719199040365
mmu-miR-30e-5p,Tmem,5.25839400163442,40.8323438169962,0.245246179329295
mmu-miR-30e-5p,Tex,4.43041020093205,21.1617243808105,0.114820308354216
mmu-miR-31-5p,Tn,0,0,0
mmu-miR-31-5p,Teff,1.35661532531648,2.77894260905912,0.0143749548130613
mmu-miR-31-5p,Tmem,4.77902517949767,26.4937874767415,0.159126308882828
mmu-miR-31-5p,Tex,3.42757823138755,9.95760832368624,0.0540284731821261
mmu-miR-320-3p,Tn,1.56393762886032,3.87073302568646,0.0196062715571328
mmu-miR-320-3p,Teff,0,0,0
mmu-miR-320-3p,Tmem,1.80624756883332,2.63905924286319,0.0158506501423624
mmu-miR-320-3p,Tex,3.0956244548848,7.93000960277705,0.0430270299082254
mmu-miR-324-5p,Tn,0.607595044275043,0.66085685804403,0.00334741221707145
mmu-miR-324-5p,Teff,2.99048236985742,6.94739675780468,0.0359375951616589
mmu-miR-324-5p,Tmem,2.55576666920698,4.87983260239521,0.029309125796639
mmu-miR-324-5p,Tex,1.47088199519087,3.34175093466955,0.0181318339591309
mmu-miR-326-3p,Tn,0.323748777992457,0.283224367733155,0.00143460523588777
mmu-miR-326-3p,Teff,0,0,0
mmu-miR-326-3p,Tmem,3.16327884120994,8.20947551812265,0.0493075419363736
mmu-miR-326-3p,Tex,0,0,0
mmu-miR-33-5p,Tn,2.36881659575065,12.8395046705697,0.0650354373602454
mmu-miR-33-5p,Teff,5.39327667050064,48.6316244110367,0.25156237524139
mmu-miR-33-5p,Tmem,5.97395801067822,62.9477796227833,0.378075344362775
mmu-miR-33-5p,Tex,5.36747440856016,43.5925046551663,0.236526321596818
mmu-miR-342-3p,Tn,6.00533745381783,66.2810454136107,0.335730769041979
mmu-miR-342-3p,Teff,6.20325684330934,72.947629745308,0.377344561881313
mmu-miR-342-3p,Tmem,6.09095679906285,67.1657526301963,0.403409225984127
mmu-miR-342-3p,Tex,5.63306108806902,50.4789399654726,0.273891075600879
mmu-miR-342-5p,Tn,0.405844420499071,0.377632490310874,0.00191280698118369
mmu-miR-342-5p,Teff,1.18486754524612,2.08423109788847,0.0107813409871993
mmu-miR-342-5p,Tmem,2.15098362193127,3.90559481739574,0.0234576837241439
mmu-miR-342-5p,Tex,1.33301486057475,2.67340074773564,0.0145054671673047
mmu-miR-345-5p,Tn,1.80649808342109,3.36299163812937,0.0170344291026989
mmu-miR-345-5p,Teff,0,0,0
mmu-miR-345-5p,Tmem,0,0,0
mmu-miR-345-5p,Tex,0,0,0
mmu-miR-3470b,Tn,3.81729528552039,15.4345371266496,0.07817995306201
mmu-miR-3470b,Teff,3.15602952792632,8.33686001530287,0.0431250309423884
mmu-miR-3470b,Tmem,2.88402017343143,7.06900843787243,0.0424576977213133
mmu-miR-3470b,Tex,0,0,0
mmu-miR-3473a,Tn,4.26675248560123,23.5587918542398,0.11933142058287
mmu-miR-3473a,Teff,1.35662240647444,2.77897479718462,0.0143751213162658
mmu-miR-3473a,Tmem,1.52565370721556,3.64481415143325,0.0218913895565378
mmu-miR-3473a,Tex,1.58657989035456,4.01010112160346,0.021758200750957
mmu-miR-3473b,Tn,7.10560353813053,197.449418850615,1.00013276531689
mmu-miR-3473b,Teff,7.25139510212411,175.769657005982,0.909223842454142
mmu-miR-3473b,Tmem,5.9500987384346,84.171827750864,0.505550679519663
mmu-miR-3473b,Tex,8.75835921965272,432.043875463177,2.34420457003101
mmu-miR-34a-3p,Tn,0,0,0
mmu-miR-34a-3p,Teff,3.20678508056055,8.33686806233424,0.0431250725681895
mmu-miR-34a-3p,Tmem,1.04654489663578,1.63330433429314,0.00980991072818699
mmu-miR-34a-3p,Tex,1.58657989035456,4.01010112160346,0.021758200750957
mmu-miR-34a-5p,Tn,1.40065366292202,2.98535914781849,0.0151216221215152
mmu-miR-34a-5p,Teff,8.26422449011332,309.854160950124,1.60281811786142
mmu-miR-34a-5p,Tmem,6.60216739015187,97.1439755948297,0.583463662195497
mmu-miR-34a-5p,Tex,7.80987014464422,234.529630061007,1.27252221781246
mmu-miR-3535,Tn,4.27639866962489,39.2995599218632,0.199062513170155
mmu-miR-3535,Teff,5.47585256193401,43.7686277387793,0.226406995208755
mmu-miR-3535,Tmem,5.0576110538813,33.1731537086806,0.19924374755022
mmu-miR-3535,Tex,6.4253734390244,109.412856143721,0.593657570350437
mmu-miR-361-5p,Tn,4.00607182808853,15.2814216561626,0.0774043832993724
mmu-miR-361-5p,Teff,3.75545529544233,12.5053141640484,0.0646876712909859
mmu-miR-361-5p,Tmem,3.02736517745812,7.60200649288378,0.045658977010284
mmu-miR-361-5p,Tex,1.77382380563277,5.34680149547128,0.0290109343346094
mmu-miR-362-3p,Tn,0,0,0
mmu-miR-362-3p,Teff,1.94837200649646,6.94743699296156,0.0359378032906645
mmu-miR-362-3p,Tmem,1.58751536364013,2.03159021762432,0.0122020852162728
mmu-miR-362-3p,Tex,0,0,0
mmu-miR-365-3p,Tn,0,0,0
mmu-miR-365-3p,Teff,0,0,0
mmu-miR-365-3p,Tmem,1.4469001739595,1.72785570500488,0.0103778027532279
mmu-miR-365-3p,Tex,4.61353866057461,25.1041810220915,0.136211480409906
mmu-miR-378a-3p,Tn,6.27063823753964,82.6751323237568,0.418771091833179
mmu-miR-378a-3p,Teff,5.40872389907146,41.6844046879222,0.215625695847357
mmu-miR-378a-3p,Tmem,5.68622444073327,50.4946646053864,0.303279763377938
mmu-miR-378a-3p,Tex,4.39464527602856,23.9704140891909,0.130059832912054
mmu-miR-378b,Tn,4.92263434762526,29.9019864542812,0.151461354381673
mmu-miR-378b,Teff,2.8518601621996,6.2526611055399,0.0323438564583935
mmu-miR-378b,Tmem,2.98228678342591,6.91142282001953,0.0415112110129118
mmu-miR-378b,Tex,1.33301486057475,2.67340074773564,0.0145054671673047
mmu-miR-378c,Tn,2.40444158070897,4.49588910906199,0.02277285004625
mmu-miR-378c,Teff,1.18486754524612,2.08423109788847,0.0107813409871993
mmu-miR-378c,Tmem,1.83715095909591,2.57602499572203,0.0154720554590018
mmu-miR-378c,Tex,0,0,0
mmu-miR-3960,Tn,2.52363548087483,6.16845973445955,0.0312448561656109
mmu-miR-3960,Teff,2.36972835185353,4.16843805468281,0.0215625570969953
mmu-miR-3960,Tmem,0,0,0
mmu-miR-3960,Tex,1.33301486057475,2.67340074773564,0.0145054671673047
mmu-miR-3963,Tn,1.2268297319124,2.23901936086387,0.0113412165911364
mmu-miR-3963,Teff,3.20678508056055,8.33686806233424,0.0431250725681895
mmu-miR-3963,Tmem,1.10781043628355,1.82240707571662,0.0109456947782689
mmu-miR-3963,Tex,1.58657989035456,4.01010112160346,0.021758200750957
mmu-miR-423-3p,Tn,3.3555749297183,11.3021991283248,0.0572485841395449
mmu-miR-423-3p,Teff,3.76453785258858,19.4527994391982,0.100625724336457
mmu-miR-423-3p,Tmem,4.78148293468769,29.4337881865356,0.176784465968641
mmu-miR-423-3p,Tex,5.5508509601798,47.8280873778444,0.259507951331996
mmu-miR-423-5p,Tn,3.8642643793386,14.7915306559398,0.0749229577089157
mmu-miR-423-5p,Teff,5.29915451319571,40.9897253648771,0.212032248524699
mmu-miR-423-5p,Tmem,4.9362937863325,29.6772814977024,0.17824692926792
mmu-miR-423-5p,Tex,5.23807143022784,37.1570325470094,0.2016084255612
mmu-miR-425-5p,Tn,0,0,0
mmu-miR-425-5p,Teff,1.18486754524612,2.08423109788847,0.0107813409871993
mmu-miR-425-5p,Tmem,4.1048458550826,16.556456253614,0.0994409641932269
mmu-miR-425-5p,Tex,1.57567884775398,3.94245664128106,0.0213911720556905
mmu-miR-449c-5p,Tn,0,0,0
mmu-miR-449c-5p,Teff,1.35662240647444,2.77897479718462,0.0143751213162658
mmu-miR-449c-5p,Tmem,3.63313255105886,11.9803581638382,0.0719561208596327
mmu-miR-449c-5p,Tex,2.78923560638776,23.3922565426868,0.126922837713916
mmu-miR-466f-3p,Tn,7.61391872707203,211.140978453999,1.06948408297254
mmu-miR-466f-3p,Teff,8.29656514426493,319.579888742603,1.65312750427526
mmu-miR-466f-3p,Tmem,8.10075806503295,278.505525832869,1.67275276772569
mmu-miR-466f-3p,Tex,8.37319681460641,346.804366849614,1.88170791867842
mmu-miR-466h-3p,Tn,4.49538014344519,23.0369690871091,0.116688252271037
mmu-miR-466h-3p,Teff,3.3049866186955,9.72633131983243,0.050312508348919
mmu-miR-466h-3p,Tmem,2.48696676453528,6.28387339429644,0.0377420396989002
mmu-miR-466h-3p,Tex,4.27209218309344,19.269414620546,0.104552922470848
mmu-miR-466i-5p,Tn,12.6827473183813,7054.19121844067,35.7313169693901
mmu-miR-466i-5p,Teff,11.1320948398622,2316.25873953406,11.9815769521896
mmu-miR-466i-5p,Tmem,10.1295900387818,1123.14331146812,6.74579463797903
mmu-miR-466i-5p,Tex,10.7384346598041,1716.47706196198,9.31334431877074
mmu-miR-484,Tn,5.27855474477319,38.3451663242731,0.194228260866375
mmu-miR-484,Teff,5.42980529590928,42.3791483872184,0.219219476176423
mmu-miR-484,Tmem,6.13836883497196,69.5526748844949,0.417745497393047
mmu-miR-484,Tex,5.71204270072522,52.4388942060594,0.284525490179513
mmu-miR-5114,Tn,0,0,0
mmu-miR-5114,Teff,0,0,0
mmu-miR-5114,Tmem,3.73962021131726,13.4761572807627,0.08094015126734
mmu-miR-5114,Tex,1.92234365586146,6.68350186933909,0.0362636679182617
mmu-miR-5121,Tn,6.28957054955261,132.33935351222,0.670333315534162
mmu-miR-5121,Teff,6.46536361076306,87.5372313364645,0.452813865540106
mmu-miR-5121,Tmem,6.11018881793062,68.423644527331,0.410964344131745
mmu-miR-5121,Tex,7.35692215575519,180.249881342426,0.978008530123173
mmu-miR-574-5p,Tn,0.607595044275043,0.66085685804403,0.00334741221707145
mmu-miR-574-5p,Teff,0,0,0
mmu-miR-574-5p,Tmem,3.03262171423074,7.18364020906838,0.0431461961342762
mmu-miR-574-5p,Tex,0,0,0
mmu-miR-6236,Tn,5.04046295926167,38.7979693716816,0.196521826310046
mmu-miR-6236,Teff,6.74811058273745,115.326528674554,0.596562747657901
mmu-miR-6236,Tmem,4.96269739330543,30.2847505229413,0.181895494194009
mmu-miR-6236,Tex,7.08307286942542,179.889110780706,0.976051043748418
mmu-miR-652-3p,Tn,4.01240859116423,17.1249581393814,0.086742376045348
mmu-miR-652-3p,Teff,4.70546026874739,27.0949077081736,0.140156933323978
mmu-miR-652-3p,Tmem,4.21167136880874,18.3559898831579,0.110249277063979
mmu-miR-652-3p,Tex,2.284134838559,11.3619531778765,0.0616482354610449
mmu-miR-664-3p,Tn,4.2107957361187,30.1635914269195,0.152786451747006
mmu-miR-664-3p,Teff,0,0,0
mmu-miR-664-3p,Tmem,1.59818719628293,4.08326083573285,0.0245247768204675
mmu-miR-664-3p,Tex,0,0,0
mmu-miR-669l-5p,Tn,3.14790150670808,17.0803321710457,0.0865163338854052
mmu-miR-669l-5p,Teff,3.58927159939848,11.1158267654561,0.057500110632853
mmu-miR-669l-5p,Tmem,3.06894313439167,7.42434047454666,0.0445918839139604
mmu-miR-669l-5p,Tex,1.58657989035456,4.01010112160346,0.021758200750957
mmu-miR-669o-5p,Tn,2.39337024351133,6.5371670311033,0.033112454714806
mmu-miR-669o-5p,Teff,0,0,0
mmu-miR-669o-5p,Tmem,0,0,0
mmu-miR-669o-5p,Tex,0,0,0
mmu-miR-669p-5p,Tn,4.11116716862496,23.2666422928395,0.117851606914993
mmu-miR-669p-5p,Teff,3.81211474059981,13.200065910376,0.0682814932458535
mmu-miR-669p-5p,Tmem,2.83627904872701,6.48161981311777,0.0389297391831457
mmu-miR-669p-5p,Tex,2.04544383798428,8.02020224320691,0.0435164015019141
mmu-miR-671-5p,Tn,1.12795048866995,1.88816245155437,0.00956403490591843
mmu-miR-671-5p,Teff,3.51095494141057,10.4210911131913,0.0539063719295877
mmu-miR-671-5p,Tmem,5.0260388033657,31.5828032210444,0.189691825117471
mmu-miR-671-5p,Tex,3.96050108451403,15.2818616590501,0.0829170646183133
mmu-miR-677-3p,Tn,0,0,0
mmu-miR-677-3p,Teff,0,0,0
mmu-miR-677-3p,Tmem,0.889078231090364,1.21493805047775,0.00729712985217926
mmu-miR-677-3p,Tex,3.78250568881165,20.4031815534467,0.110704569968701
mmu-miR-677-5p,Tn,0,0,0
mmu-miR-677-5p,Teff,0,0,0
mmu-miR-677-5p,Tmem,2.2915988116119,4.20932933001517,0.0252819661871887
mmu-miR-677-5p,Tex,3.50477992689101,11.2266642172317,0.0609141780705119
mmu-miR-690,Tn,4.49923601784893,26.3731851442371,0.13358705607777
mmu-miR-690,Teff,5.66605404829967,72.2526204939764,0.373749407900809
mmu-miR-690,Tmem,4.86258963845804,34.7520674732304,0.20872697902921
mmu-miR-690,Tex,5.76765484614349,53.6403056192824,0.291044166372632
mmu-miR-692,Tn,0.405844420499071,0.377632490310874,0.00191280698118369
mmu-miR-692,Teff,0,0,0
mmu-miR-692,Tmem,1.4469001739595,1.72785570500488,0.0103778027532279
mmu-miR-692,Tex,0,0,0
mmu-miR-703,Tn,1.72440244091448,3.26858351555165,0.016556227357403
mmu-miR-703,Teff,3.92238278401864,15.9789682842782,0.0826562399299091
mmu-miR-703,Tmem,3.77486396745666,12.817090731469,0.0769816826116481
mmu-miR-703,Tex,4.00440587300289,15.8600192055541,0.0860540598164508
mmu-miR-706,Tn,5.02910087798265,56.1234433061772,0.284279867115638
mmu-miR-706,Teff,2.01269977700871,7.64209217491259,0.0395311257359185
mmu-miR-706,Tmem,2.44309678212353,5.02598149716174,0.0301869215512822
mmu-miR-706,Tex,4.46624707300316,25.9754646499926,0.140938933287532
mmu-miR-7238-3p,Tn,2.24945421077331,7.00028245032476,0.035458255009297
mmu-miR-7238-3p,Teff,1.18486754524612,2.08423109788847,0.0107813409871993
mmu-miR-7238-3p,Tmem,1.4469001739595,1.72785570500488,0.0103778027532279
mmu-miR-7238-3p,Tex,0,0,0
mmu-miR-744-5p,Tn,0.663995971281913,0.755264980621748,0.00382561396236737
mmu-miR-744-5p,Teff,4.87826275698643,28.4843146364521,0.1473440777241
mmu-miR-744-5p,Tmem,4.82307163737685,27.4049910145998,0.164599156271963
mmu-miR-744-5p,Tex,2.09991879820261,8.68855243014082,0.0471427682937402
mmu-miR-7a-5p,Tn,4.04251579111672,15.4880882886523,0.0784512036539414
mmu-miR-7a-5p,Teff,4.02393361460499,15.978984378341,0.0826563231815114
mmu-miR-7a-5p,Tmem,4.53891131564559,22.3045385472106,0.133964949083562
mmu-miR-7a-5p,Tex,4.01085155289762,15.2593134989426,0.0827947217198911
mmu-miR-8104,Tn,2.40253649037907,7.84103035985711,0.0397168622849717
mmu-miR-8104,Teff,3.06816265015186,7.64212436303809,0.039531292239123
mmu-miR-8104,Tmem,0,0,0
mmu-miR-8104,Tex,1.57567884775398,3.94245664128106,0.0213911720556905
mmu-miR-92a-3p,Tn,9.2856814006953,623.648331528896,3.15894133306697
mmu-miR-92a-3p,Teff,9.752072857138,861.477101403404,4.45626130053608
mmu-miR-92a-3p,Tmem,10.0642336293489,1069.62606058598,6.42436069419475
mmu-miR-92a-3p,Tex,9.87139803425141,936.103639378174,5.07915643312945
mmu-miR-93-5p,Tn,2.45982540262812,14.6332589995464,0.0741212705208679
mmu-miR-93-5p,Teff,4.51441516134305,22.2316454838809,0.115000179639905
mmu-miR-93-5p,Tmem,5.14919364091139,34.4940798529565,0.207177460381198
mmu-miR-93-5p,Tex,3.93683827615241,16.6411101930253,0.0902921411003878
mmu-miR-98-5p,Tn,0.479544248766566,0.472040612888593,0.00239100872647961
mmu-miR-98-5p,Teff,0,0,0
mmu-miR-98-5p,Tmem,3.30880745364799,8.91149591407327,0.0535239988875042
mmu-miR-98-5p,Tex,1.33301486057475,2.67340074773564,0.0145054671673047
